id,en,jp,trans
0-chapter_name,,第40章　謀略の果て,第40章  谋略终结
0-synopsis,,神殿の中に満ちる異様な気配は、特別な力を持たぬ者にさえ感じ取る事ができた。世界そのものを丸ごと歪めるアーカーシャの力を確信し、姬塔達は決意も新たにフリーシアの元を目指す。,即便是没有特殊能力的人，也能感受到神殿中异样的氛围。众人确信那就是阿卡夏能够扭曲整个世界的力量，再次巩固决意，向前进发。
0,,すげぇな……<br>ここまで来ると俺でもわかるぜ……<br>明らかにこの先には、何かいやがる……,好家伙……走到这里连我也能感觉到……前面有东西……
1,,ヒリヒリと<br>嫌な感覚がまとわりつくな……<br>さすがは星の民の最終兵器か……,令人毛骨悚然的感觉……不愧是星之民的最终武器……
2,,世界そのものを捻じ曲げるほどの化物だ。<br>本体が放つ力は、<br>おそらくこの比ではないぞ。,那是个能够扭曲世界本身的怪物。它本体直接释放的力量肯定不止这种程度。
3,,こんな……こんなの、<br>絶対に目覚めさせちゃいけない……！,绝对……绝对不能让这样的星晶兽觉醒……！
4,,オルキスちゃんを取り戻して、<br>絶対にあの人を止めましょう！<br>姬塔！,一定要带回欧尔基斯，阻止那个人！姬塔！
info,,1,scene_cp40_q1_s20