id,en,jp,trans
0-chapter_name,,第61章　それぞれの決着,第61章  各自的斗争
0-synopsis,,「リアクター」の元へ向かう姬塔達の前に、今度は星晶獣アーカーシャを探すフェンリルが現れる。自らもまた星晶獣でありながら、ロゼッタを含む星晶獣をモノ扱いするフェンリルに怒るイオと、自らはこの場に残り姬塔達を先に進ませる決断をしたロゼッタに、フェンリルが襲いかかる。,姬塔一行继续在塔内寻找反应器。这一次，众人遇上了正在寻找星晶兽阿卡夏的芬里尔。芬里尔身为星晶兽还不把其他星晶兽放在眼里的态度让伊欧非常生气。伊欧与萝赛塔让众人先走，两人留下与芬里尔对决。
0,,<span class='scene-font-katari'>姬塔達を先へ進ませるため、</span><br><span class='scene-font-katari'>ガンダルヴァに対し、</span><br><span class='scene-font-katari'>ふたりで相対したリーシャとカタリナ。</span>,<span class='scene-font-katari'>众人为了继续前进，留下莉夏与卡塔莉娜与健达缚对峙。</span>
1,,<span class='scene-font-katari'>ふたりの猛攻に耐えかね、</span><br><span class='scene-font-katari'>ついにガンダルヴァは</span><br><span class='scene-font-katari'>苦しげに崩れるのだった。</span><br>,<span class='scene-font-katari'>两人的猛攻终于让健达缚无法招架。</span>
2,,ぐっ……！<br>く……,唔……！呃……
3,,はぁ……はぁ……<br>ここまでだろう、ガンダルヴァ中将……,哈……哈……到此为止了，健达缚中将……
4,,はぁ……はぁ……<br>この勝負……私達の勝ちです！,哈……哈……这场战斗……是我们赢了！
5,,<span class='scene-font-katari'>膝をつくガンダルヴァに対し、</span><br><span class='scene-font-katari'>リーシャは剣を当てるが……</span>,<span class='scene-font-katari'>莉夏的剑指向跪倒在地的健达缚……</span>
6,,くはっ……！<br>くく……はははははっ！,哈哈……！哼哼……哈哈哈哈哈！
7,,っ！？,唔！？
8,,見事だ……<br>もうまともに動ける気もしねぇ……,干得漂亮……我已经没法活动了……
9,,ここまでやれりゃあ、<br>オレにももう悔いはねぇ……,打得这么痛快，我也无悔了……
10,,さぁ……殺せよ、オレを。,好了……杀了我吧。
11,,なっ！？,什么！？
12,,どういうつもりだ、<br>ガンダルヴァ中将……,你这是什么意思，健达缚中将……
13,,当たり前だろ？<br>これが最後だと言ったはずだぜ。,这不是当然的吗？我说过这是最后一战啊。
14,,さぁ、やれよ……<br>でなきゃオレは何度でも、お前に挑む。,好了，下手吧……否则我可会不停地来挑战你。
15,,終わりは一つ……どちらかが死ぬまでだ。<br>お前がオレを殺さないってんなら、<br>最後に死ぬのは……,结局只有一种……直到一方死了为止。所以如果你不杀我，最后死的就是……
16,,望むところです……！！,正合我意……！！
17,,なに……？,什么……？
18,,何度でも来るというのなら、<br>何度でも私も戦います。<br>そして何度でも……貴方を倒します。,如果你不停挑战，我就会不停应战。不管几次……我都会不停地打败你。
19,,それでも……<br>命は取らねぇ、ってのか……,就算这样……你还是不取我性命么……
20,,はい。,是的。
21,,毎度毎度こうして、<br>脅すに留めておこうってのか……？,每次都像这样，只有威胁吗……？
22,,はい……！<br>私はいまは姬塔さんの<br>騎空団の団員ですが……,是的……！我现在是姬塔的骑空团团员……
23,,同時に私は……<br>秩序の騎空団の団員でもあります。<br>だから絶対に、殺しはしません。,但同时……我也是秩序骑空团的团员。所以我绝对不会杀人。
24,,<span class='scene-font-katari'>それを聞き、</span><br><span class='scene-font-katari'>ガンダルヴァは目を丸くするが、</span><br><span class='scene-font-katari'>やがて大きく顔を歪める。</span>,<span class='scene-font-katari'>听完这话，健达缚瞠目结舌，最后扭曲了表情。</span>
25,,はっ……はははははっ！<br>こりゃあ傑作だ！,哈……哈哈哈哈哈！这还真是杰作啊！
26,,そのくそ生意気なところも、<br>いよいよあの野郎そっくりじゃねぇか！,你说起大话来也和那混账一模一样！
27,,なっ……！？,什么……！？
28,,ああ……<br>おっと……<br>似てるってのは禁句だったか？,啊……对了……说你和他像对你来说是禁忌来着？
29,,……いいえ。<br>いまは素直に、<br>父さんのことを誇りに思います。,……不。我现在，以我的父亲为傲。
30,,はん……そうかよ。,哈……是吗。
31,,<span class='scene-font-katari'>ガンダルヴァは</span><br><span class='scene-font-katari'>身体を引きずるようにして</span><br><span class='scene-font-katari'>タワーの出口へと足を向ける。</span>,<span class='scene-font-katari'>健达缚拖着身体向塔外走去。</span>
32,,最強は……リーシャ、<br>お前にしばらく預けてやる。,最强的位子……莉夏，就先留给你了。
33,,ただ……<br>必ずオレ様はそいつを取り返す。<br>だからせいぜい、油断はしねぇことだな。,但是……我绝对会抢回来的。所以，你可千万别大意了。
34,,はい……お待ちしていますね。,好的，我等你。
35,,ふん……<br>オレ様も……どうかしてるな。,哼……我也是……到底怎么了。
36,,<span class='scene-font-kokoro'>(オレは……命を惜しんだんじゃねぇ。</span><br><span class='scene-font-kokoro'>ようやく面白くなってきた……</span><br><span class='scene-font-kokoro'>そう思っただけだ）</span>,<span class='scene-font-kokoro'>(我……不怕死。但事情终于变得有趣起来了……我只是这样觉得。)</span>
37,,<span class='scene-font-kokoro'>（軍人らしく散るのもいいとは思ったが</span><br><span class='scene-font-kokoro'>この先、新しい楽しみが出来たんじゃあ</span><br><span class='scene-font-kokoro'>恥をかいてでも、ってなァ……）</span>,<span class='scene-font-kokoro'>(像军人一样去死倒也不错，但未来还有新的乐趣在等我，就算在这里丢人现眼，我也要活下去……)
38,,<span class='scene-font-katari'>こうしてガンダルヴァは、</span><br><span class='scene-font-katari'>一行が来た方向へと消えていく。</span>,<span class='scene-font-katari'>健达缚消失在一行人来的路上。</span>
39,,<span class='scene-font-katari'>その姿が完全に見えなくなったのを見て、</span><br><span class='scene-font-katari'>カタリナは大きなため息をついた。</span>,<span class='scene-font-katari'>等他的背影完全消失，卡塔莉娜深深地喘了一口气。</span>
40,,やれやれ……<br>いつか必ず……か。,这还真是……总有一天会来挑战……吗。
41,,はい……<br>でも、そのいつかは<br>いまじゃありません。,是的……不过，那不是现在。
42,,だから……いまは急ぎましょう。<br>姬塔さん達のもとへ！,所以……我们赶紧去追姬塔他们吧！
47,,<span class='scene-font-katari'>リーシャとカタリナを除く一行は</span><br><span class='scene-font-katari'>「リアクター」を探し、</span><br><span class='scene-font-katari'>タワーを進む。</span>,<span class='scene-font-katari'>除莉夏和卡塔莉娜以外的众人在塔内前进，寻找反应器。</span>
48,,<span class='scene-font-katari'>そんな中、</span><br><span class='scene-font-katari'>ふとビィは不思議そうに顔を上げ、</span><br><span class='scene-font-katari'>小さく呟く。</span>,<span class='scene-font-katari'>此时，阿碧突然惊讶地说道。</span>
49,,あれ……？<br>いまなんか……すげぇ音しなかったか？,咦……？刚才……好像有很大的声响……
50,,へ？　別に何も……,咦？ 没有吧……
52,,っ！？,唔！？
53,,な、何かが……！<br>えと、これは……星晶獣！？<br>き、来ます！　構えてください！！,有、有什么来了……！这、这是……星晶兽！？它过来了！大家准备好！！
54,,おりゃああっ！！,哈啊——！！
59,,あん？　テメェら……？,啊？ 是你们啊……？
60,,あら？　この子は……,咦？ 这孩子是……
61,,こいつ確か、<br>あのロキと一緒にいた……！？,这家伙，好像是和洛基在一起的……！？
62,,おいおい……<br>っつうこたぁ、<br>あいつもこの場に居やがるのか？,喂喂……那也就是说，他也在这里吗？
63,,<span class='scene-font-katari'>オイゲンは注意深く銃を構え、</span><br><span class='scene-font-katari'>周囲を警戒する。</span>,<span class='scene-font-katari'>欧根架起枪警戒周围。</span>
64,,<span class='scene-font-katari'>しかし、それに対しフェンリルは、</span><br><span class='scene-font-katari'>事もなげに口を開くのだった。</span>,<span class='scene-font-katari'>然而芬里尔若无其事地开口道。</span>
65,,アイツはいねーよ。,他不在这里。
66,,そう……<br>それじゃあいまは、<br>貴女ひとりということかしらね？,是吗……你是一个人吗？
67,,それで……<br>アタシ達にどんなご用かしら？,那么……你找我们有什么事？
68,,別にテメェらを<br>探してたわけじゃねぇ……,我可没在找你们……
69,,けどまぁ……ちょうど良かった。<br>これなら手間が省けそうだ。,不过……遇见也了正好。这下我也省事了。
70,,手間？　なんのことよ？,省事？这是什么意思？
71,,オレが用のあるのは、<br>星晶獣アーカーシャだ……<br>どこにあるのか、喋ってもらうぜ。,我要找的是星晶兽阿卡夏……告诉我它在哪里。
72,,アーカーシャだと……？<br>貴様、あんなものを探して、<br>どうするつもりだ？,阿卡夏……？你找那种东西做什么？
73,,はぁ？<br>どうって、そりゃ……使うんだよ。,啊？做什么？那当然是用咯。
74,,ふふ……貴女、正直なのね？<br>でもダメ……<br>アーカーシャの場所は教えられないわ。,呵呵……你真诚实呢。但不行哦……我们不能告诉你阿卡夏的位置。
75,,あぁ……！？,啊啊……！？
76,,まぁ、そもそも、<br>まだアタシ達もアーカーシャを<br>見つけてはいないのだけれど……,虽然我们也还没有找到阿卡夏呢……
77,,けど意外ね。<br>貴女、歴史や過去を<br>気にするタイプなのかしら？,不过好意外啊。原来你会想要改变历史和过去吗？
78,,けっ……違ぇーよ。<br>オレのためじゃねぇ……<br>これは全部……ロキのためだ。,切……才不是。又不是我想……这是为了洛基。
79,,あの野郎……うだうだ言うくらいなら、<br>オレを使って、<br>なんでも好きにすりゃいいんだ……,那家伙……有时间说那么多废话，为什么不直接让我帮他做事……
80,,オレは命じられれば、<br>アーカーシャだって奪ってくる……,只要他下令，我就会为他抢来阿卡夏……
81,,それにアイツなら、<br>何の問題もなく<br>アーカーシャを使いこなせるはずだ。,然后，那家伙肯定能顺利地使用阿卡夏。
82,,アイツは純粋な星の民であり、<br>前管理者の血縁だ……<br>アイツ以上の後継者は他にいない。,他是纯粹的星之民，前管理者的血亲……没有比他更合适的后继者了。
83,,<span class='scene-font-katari'>フェンリルは、</span><br><span class='scene-font-katari'>煮え切らない様子の主人に対する</span><br><span class='scene-font-katari'>不満を爆発させる。</span>,<span class='scene-font-katari'>芬里尔诉说着它对其主犹豫不决的样子积攒的不满。</span>
84,,誇り高き星の民だってんなら、<br>オレ達星晶獣を使って、<br>世界征服でもなんでもすればいんだ……,既然是高贵的星之民，用我们星晶兽征服世界不就得了吗……
85,,むぅ……,唔……
86,,だってのにアイツは、<br>ひとりでうじうじと……,可那家伙老是那么优柔寡断……
87,,オレ達星晶獣は、<br>星の民に使われるためにある……<br>なぁ、オマエもそう思うだろ？,我们星晶兽，就是为了被星之民使用而存在的……我说，你也这么觉得吧？
88,,…………,
89,,<span class='scene-font-katari'>そう言ってフェンリルは</span><br><span class='scene-font-katari'>ロゼッタに水を向ける。</span>,<span class='scene-font-katari'>芬里尔说着，向萝赛塔质问。</span>
90,,黙ってるなよ。<br>オマエも所詮はオレと同じだ……,别不说话啊。你不也和我一样……
91,,オレと同じ……<br>星の民に作られた、ただの兵器に……,和我一样……不过是星之民制造的武器……
92,,<span class='scene-font-katari'>しかし、</span><br><span class='scene-font-katari'>ロゼッタが口を開くよりも早く</span><br><span class='scene-font-katari'>少女はフェンリルに反論する。</span>,<span class='scene-font-katari'>然而，少女的声音在萝赛塔开口之前响起。</span>
93,,使うだの兵器だの、って……<br>あたしの仲間をモノ扱いしないで！,不过是武器？不要把我的同伴说的像物品一样！
94,,あんただって星晶獣なんでしょ？<br>なのに、どうしてそんな……<br>星晶獣をモノみたいに言えるの！？,你不也是星晶兽嘛？为什么能说出这种话！？
95,,ちっ……！<br>何も知らないガキが<br>口出しすんじゃねぇ！！,切……！一无所知的小鬼别给我吵！
96,,オマエにわかるか！？<br>わけもわからない内に作られ……<br>欲しくも無い自我を持たされ……,你懂吗！？不知什么时候就被制造出来……被塞入根本不想要的自我……
97,,さんざん改造されたあげく、<br>「失敗」と言われたときの恐怖が！！,被三番五次的改造，结果还被说是失败品的恐惧！！
98,,わかんないわよ、そんなの！<br>星晶獣に何があったかなんて、<br>そんなの……わかんないけど……,我才不管这些呢！星晶兽经历过什么……这种事我不知道……
99,,でも！　昔に何があったって、<br>ロゼッタはあたしの大切な仲間なの！<br>だから……！！,但是！不管以前发生过什么，萝赛塔已经是我最重要的同伴了！所以……！！
100,,星晶獣かどうかなんて……<br>関係ないんだから！,是不是星晶兽……根本无所谓！
101,,そうかよ……<br>じゃあ、テメェが関係ないって断言した<br>星晶獣の力を、いまここで見せてやる！,是吗……那我就让你看看，你口中根本无所谓的星晶兽的力量！
102,,ふん……望むところよ！<br>あんたなんか、あたしの魔法で……<br>……？,哼……正合我意呢！看我用魔法把你……？
103,,<span class='scene-font-katari'>杖を構えたイオの前に、</span><br><span class='scene-font-katari'>ロゼッタの背が立ち塞がる。</span>,<span class='scene-font-katari'>伊欧正要架起魔杖，却发现萝赛塔的背影已经在她身前。</span>
104,,ありがとう、イオちゃん……<br>だけどここは、<br>アタシが引き受けるわ。,谢谢你，伊欧……不过这里还是交给我吧。
105,,ロゼッタ！？,萝赛塔！？
106,,皆も、ここはアタシに任せて頂戴。<br>いまここで、<br>足踏みするわけにはいかないもの。,大家也一样，这里留给我来处理，我们不能就这样停滞不前。
107,,そうか……<br>ならば行くぞ、姬塔……,是吗……那我们走吧，姬塔……
108,,で、でもよぅ……！<br>姐さんとリーシャもいねぇのに……,可、可是……！阿姐和莉夏都已经不在了……
109,,いまの我々は、<br>全員が共に行動する必要はない。,我们现在不需要全员一起行动。
110,,我々の中の誰でもいい……<br>たったひとりが「リアクター」を<br>止めさえすれば、それで済む話だ。,谁都行……只要有一个人去停止反应器就行了。
111,,そりゃあ……<br>そうかもしんねぇけどよ……,这……你说的是有道理，可是啊……
112,,ふふ……<br>大丈夫……アタシもすぐに追いつくわ。,呵呵……没关系的……我马上就会追上来的。
113,,おい……<br>勝手なこと言ってんじゃねーぞ……,喂……别在那边自说自话了……
114,,他の連中はまだしも、<br>そのガキだけは逃がさねぇ……！<br>ぜってーこの場で噛み砕いてやる！！,其他人就算了，我绝对不会放过那边的小鬼……！我要在这里把你咬碎！！
info,,1,scene_cp61_q2_s20