id,en,jp,trans
0-chapter_name,,第62章　星は空高く,第62章  天高星淡
0-synopsis,,世界を崩壊させてまで歴史を修正しようとするフリーシアに対し、姬塔達はいまあるこの世界を守ることを決意する。姬塔達との話し合いを放棄したフリーシアは、自ら魔晶を使って変身し、姬塔達に襲いかかる。,面对企图毁灭世界修正历史的芙莉西雅，姬塔等人将为守护世界而战。放弃与众人对话的芙莉西雅，亲自使用魔晶变身袭击众人。
0,,<span class='scene-font-katari'>２体の星晶獣に注いでいた力の帯を辿り、</span><br><span class='scene-font-katari'>タワー内部のとある一室に</span><br><span class='scene-font-katari'>たどり着く姬塔一行。</span>,<span class='scene-font-katari'>以注入两只星晶兽的能量带为线索，姬塔一行来到塔内的另一个房间。</span>
6,,<span class='scene-font-katari'>そこに「リアクター」は無かったものの、</span><br><span class='scene-font-katari'>部屋の更に奥の扉に</span><br><span class='scene-font-katari'>力の帯は続いており……</span>,<span class='scene-font-katari'>房间内并没有反应器，但能量带一直往房间深处的另一扇门内眼延伸……</span>
7,,…………,
8,,<span class='scene-font-katari'>その扉の前には、</span><br><span class='scene-font-katari'>フリーシアが佇んでいた。</span>,<span class='scene-font-katari'>而伫立在门前的，是芙莉西雅。</span>
9,,なぜ……<br>なぜ私の邪魔をするのです。<br>貴方達もまた、同じ空の住人でしょう？,为什么……为什么你们要妨碍我。你们也一样是天空世界的住民吧？
10,,この空にとって最も正しく、<br>最も望むべき形に、<br>歴史を修正しようというのに、なぜ……,我将为这片天空带来最为正确，最为理想的历史，可你们……
11,,この空のあるべき形を……<br>正しい歴史を決めるのは貴様ではない。,决定天空世界……决定正确历史的可不是你。
12,,では、誰が……！？<br>この狂ってしまった世界は、<br>誰が正せば良いと言うのです！？,那么，你说是谁……！？你说由谁来修正这个逸出常轨的世界！？
13,,知ったことか……<br>だがな……<br>私は私の邪魔をする者を許さない。,我怎么知道……但是……我不会放过任何妨碍我的人。
14,,私が貴様と戦う理由は、<br>ただ、それだけだ。,我和你战斗的理由，说到底只有这一点。
15,,結局オレ達ぁ、<br>オレ達のためにしか戦えねぇんだ。,我们只是在为我们自己而战斗。
16,,何かを守るであれ……<br>何かを罰するであれ……<br>それを決めるのは、オレ達自身だ。,要守护什么……要审判什么……都是我们自己决定。
17,,これは、<br>正義の戦いではないかもしれない……,也许这不是什么正义的战斗……
18,,ただ私は、大切な人を……<br>そして、より多くの人を守れる選択こそ、<br>正しいと私は信じたいんだ。,但我只是想要守护我所爱的人们……而且我坚信，能够守护更多人的选择才是正确的。
19,,あたしには、難しいことは、<br>正直、よくわかんないわ……,复杂的事情我不太懂……
20,,でも！<br>人に迷惑をかけたらいけません、って、<br>誰だって教えられることでしょ？,但是！谁都明白不能给别人添麻烦吧？
21,,貴女が貴女の中の真実を<br>捻じ曲げようというなら、<br>それは誰も口出ししなかったでしょう。,如果你只是想否定你心中明知的事实，也不会有人出来多嘴的。
22,,でもね……<br>この世界は貴女だけのものではないの。,但是……这个世界不属于你一个人。
23,,もちろん、誰のものでもない……<br>それは星の民も空の民も関係ないわ。,也不属于任何一个人……这和是星之民还是空之民没有关系。
24,,いまがどういう経緯で<br>生まれたもんであれよ……,不管现在建立在怎样的历史上……
25,,見上げりゃ空は綺麗だし、<br>艇で風を切ってるときなんかは、<br>最高に気持ちいいじゃねぇか……,头顶的天空很美，甲板上吹来的风很舒爽……
26,,そんなら、いまの世界だって、<br>そう捨てたもんじゃねぇんじゃねぇか？,现在的世界也没糟到要直接舍弃吧？
27,,フリーシア宰相……,芙莉西雅宰相……
28,,貴女のやろうとしていることは、<br>もはや誰かに裁けるようなものでは<br>ないのかもしれません……,也许没有人能够制裁你的所作所为……
29,,けれど……<br>だからこそ、私達は戦うんです。<br>私達の大切なものを守るために。,但是……正因如此，我们才要与你战斗。为了守护我们珍视的一切。
30,,私達のいまを守るために、<br>私達に出来ることがあるのなら、<br>私はそれを精一杯頑張りたいです……,为了守护我们的现在，我们会在我们能做的事情上全力以赴……
31,,へへっ！<br>まぁ、当然、<br>諦められるようなもんでもねーしな！,嘿嘿！当然了，咱们怎么能就这样放弃呢！
32,,<span class='scene-font-katari'>姬塔一行の決意を聞き、</span><br><span class='scene-font-katari'>フリーシアはわずかに口角を上げる。</span>,<span class='scene-font-katari'>听完姬塔等人的决意，芙莉西雅勾起了嘴角。</span>
33,,ふふ……そう、そうですか。<br>実に簡単な話だったのですね。,呵呵……是么，我明白了。你们的说法真是简单易懂。
34,,ただ己を守る力を持つ者が……<br>力ある者こそが世界を、<br>歴史を統べるというのなら……,有实力保护自己的人……拥有力量的人才有资格统治世界，统治历史……
35,,いいでしょう！<br>貴方達の望む方法で、<br>私は私の正しさを証明する！！,那好！我就用你们想要方法，来证明我计划的正当性！！
36,,<span class='scene-font-katari'>フリーシアは懐から、</span><br><span class='scene-font-katari'>禍々しい輝きを放つ結晶を取り出すと、</span><br><span class='scene-font-katari'>思いきりそれを叩き割る。</span>,<span class='scene-font-katari'>芙莉西雅掏出闪着诡异光芒的结晶，恨恨地将它们敲碎。</span>
43,,力ならば……私にもある！<br>さぁ、平伏しなさい！<br>圧倒的な、力の前に！！,至于力量……我也有！好了，在压倒性的力量面前屈服吧！
44,,おいおい……<br>こりゃまたすげぇのが出てきたな……,喂喂……她又做了件不得了的事……
45,,ふん……<br>こんなものが、<br>いまさらどうしたというのだ。,哼……事到如今还怕这种东西么。
46,,複数の信念は対立を生み、<br>そこには必ず争いが生まれる……,有不同的信念，就会有对立，对立中必定会产生纷争……
47,,しかし……<br>その争いに勝ち続けてきたからこそ、<br>いま、我々はここにいるのだろう。,然而……我们在一次次的纷争中悉数获胜，所以才站在这里。
48,,つまり……今度も頑張ろう？,意思是……这次也加油？
49,,ふっ……端的に言えば、その通りだ。,哼……简短的说，就是这样。
50,,いまさら臆するほどの相手ではない！<br>さっさと片付けてしまうぞ！<br>姬塔！,事到如今，这样的对手不足为惧！赶紧击败她！姬塔！
info,,1,scene_cp62_q1_s20