id,en,jp,trans
0-chapter_name,,第55章　隠されしもの,第55章  秘密
0-synopsis,,何とか追撃を振り切った姬塔一行は、<span class='scene-font-place'>アガスティア</span>の市街を駆け抜けていく。しかしその前には二つの影が立ち塞がろうとしていた。,姬塔一行终于甩掉了追兵，继续在<span class='scene-font-place'>Agastia</span>的街市中穿行。然而，两个人影挡住了众人的去路。
0,,うしっ……<br>ひとまず帝国の連中は振り切ったか……,好嘞……总之先把帝国的追兵甩掉了……
1,,んじゃ、このまま、<br>グランサイファーを目指そうぜ！<br>まずは仲間がいねーとな！,继续朝格兰塞法前进吧！先和同伴汇合！
2,,そうね……<br>でも、ここが帝都である以上、<br>追手はどんどん激しくなるわ……,是啊……不过，既然这里是首都，追兵应该会越逼越紧吧……
3,,市街地を抜けるまで、<br>用心して進みましょ、<br>姬塔……,离开市区之前，我们都要非常小心才行，姬塔……
4,,<span class='scene-font-katari'>黒騎士達と別れた姬塔一行は、</span><br><span class='scene-font-katari'>アガスティアの市街を駆ける。</span>,<span class='scene-font-katari'>姬塔一行与黑骑士等人分别后，穿行在Agastia的街市中。</span>
5,,<span class='scene-font-katari'>しかし、</span><br><span class='scene-font-katari'>二つの影が一行の前に立ち塞がるべく、</span><br><span class='scene-font-katari'>動き始めているのだった。</span>,<span class='scene-font-katari'>然而，两道人影正为阻止众人而开始行动。</span>
info,,1,scene_cp55_q4_s30