name,trans
Lyria,露丽亚
Vyrn,阿碧
Katalina,卡塔莉娜
Vira,维拉
Rackam,拉卡姆
Io,伊欧
Furias,弗里亚斯
Drang,德朗
Sturm,斯特姆
Orchis,欧尔基丝
Noa,诺亚
Lecia,莉夏
Monika,莫妮卡
Walfried,瓦尔福里德
Eugen,欧根
Rosetta,萝赛塔
Freesia,芙莉西雅
Primal Beasts,星晶兽
Primal Beast,星晶兽
Black Knight,黑骑士
Gandharva,刚达尔瓦
Imperial Soldier,帝国士兵
Pommern,伯梅伦
Sierokarte,榭洛卡特
Siero,榭洛
Townsperson,镇民
Townsgirl,城镇少女
Tzaka the Great,扎卡大公
Tiamat,提亚马特
Erste,艾尔斯提
Skyfarer,骑空士
Seasoned Skyfarer,熟练的骑空士
Elderly Skyfarer,骑空士长者
Monster,怪物