id,en,jp,trans
0-chapter_name,第4章　決戦、嵐の守護神,第4章　決戦、嵐の守護神,第4章  决战  狂风守护神
0-synopsis,星晶獣ティアマトの起こす嵐に、魔物達がより狂暴化していることにルリアが気づく。一層の用心をして、<span>姬塔</span>一行は先へ進む。,星晶獣ティアマトの起こす嵐に、魔物達がより狂暴化していることにルリアが気づく。一層の用心をして、<span>姬塔</span>一行は先へ進む。,露莉亚发现，星晶兽提亚玛特引起的暴风雨，使魔兽们更加狂暴。<span>姬塔</span>等人只能更加警惕地前进。
0,"嵐のせいかな……<br>
魔物さん達が、いつもより怖い……","嵐のせいかな……<br>
魔物さん達が、いつもより怖い……",是因为暴风雨吗……感觉魔兽们要比平时更恐怖……
2,"星晶獣の起こす嵐だ……<br>
瘴流域に近い力を、<br>
持っているのかもしれないな。","星晶獣の起こす嵐だ……<br>
瘴流域に近い力を、<br>
持っているのかもしれないな。",毕竟是星晶兽引起的暴风雨……也许带有近似于瘴流域的力量。
3,"街に居る連中も危ねーかもしれないな！<br>
急ごうぜ！","街に居る連中も危ねーかもしれないな！<br>
急ごうぜ！",城里的人们可能也很危险！咱们赶紧吧！
4,"ああ、時間がねぇのは、百も承知だ。<br>
魔物なんぞ、さっさとブッ飛ばすぞ！","ああ、時間がねぇのは、百も承知だ。<br>
魔物なんぞ、さっさとブッ飛ばすぞ！",是啊，我也知道没时间了。魔兽什么的赶紧踢飞！
info,1,1,scene_cp4_q2_s20
备注,,,ver-1: @煌月夜 2018/4/4
,,,