{"3040005000":"暗-灰夫人-SSR.csv","3040016000":"暗-刻耳柏洛斯-SSR.csv","3040021000":"风-蕾娜-SSR.csv","3040042000":"风-卡门莉娜-SSR.csv","3040047000":"风-佩特拉-SSR.csv","3040048000":"暗-萨鲁南-SSR.csv","3040051000":"光-阿米拉-SSR.csv","3040057000":"暗-斑比-SSR.csv","3040061000":"风-菲娜-SSR.csv","3040070000":"暗-贝阿朵丽丝-SSR.csv","3040080000":"暗-贞德-SSR.csv","3040087000":"光-罗莎米亚-SSR.csv","3040088000":"水-英格威-SSR.csv","3040092000":"暗-佐伊-SSR.csv","3040102000":"风-梅利莎贝尔-SSR.csv","3040108000":"暗-马尔基雷斯-SSR.csv","3040112000":"暗-泽塔-SSR.csv","3040125000":"土-尤格多拉希尔-SSR.csv","3040137000":"暗-阿萨谢尔-SSR.csv","3040140000":"风-兰斯洛特-SSR.csv","3040150000":"光-佐伊（铳）-SSR.csv","3040152000":"风-提亚玛特-SSR.csv","3040153000":"光-圣德芬-SSR.csv","3040154000":"风-贞德-SSR.csv","3040155000":"光-萝伯美-SSR.csv","3040156000":"暗-士郎-SSR.csv"}
