id,en,jp,trans
0-chapter_name,,海辺の恋愛話,海边的恋爱谈话
0-synopsis,,<span class='scene-font-place'>アウギュステ</span>での訓練を終えて休暇に入ったイルザは、海の家へ向かう姬塔達とコルワの姿を見かけ、声をかける。イルザとコルワは互いの水着を褒め合って意気投合する。ルリアの誘いに乗り、イルザは姬塔達とビーチボールで遊ぶことにするのだった。,结束再奥格斯提的训练开始休假的伊鲁萨遇见了正在前往海滨之家的姬塔等人和柯露瓦，便向她们打招呼。伊鲁萨和柯露瓦意气相投互相夸奖对方的泳装。随后伊鲁萨接受路利亚的邀请，和姬塔等人玩起了沙滩排球。
2,,<span class='scene-font-place'>アウギュステ</span><span class='scene-font-katari'>で行われた</span><br><span class='scene-font-katari'>「組織」の実地訓練。</span>,“组织”在奥格斯提进行实地训练。
8,,貴様等には戦う場を選ぶ権利はない！<br>いつ如何なる状況であっても、<br>武器を取り敵と対峙する必要がある！,你们无权选择战场！无论何时何地何种状况，你们都必须拿起武器对抗敌人！
9,,干からびたクソに集るウジ虫になるか、<br>肥溜めから這い出してサナギになるか、<br>貴様等次第だ！　心して挑め！！,是要做聚集在干透的粪便上的蛆虫，还是要爬出粪坑化蛹，都看你们自己！小心挑战吧！！
16,,<span class='scene-font-katari'>訓練を終え、休暇に入ったイルザは</span><br><span class='scene-font-katari'>コバルトブルーの海辺を</span><br><span class='scene-font-katari'>ひとり歩いていた。</span>,结束训练进入休假的伊鲁萨一个人走在钴蓝色的海边。
17,,あぁ～……,啊......
18,,<span class='scene-font-kokoro'>（休暇だ……</span><br><span class='scene-font-kokoro'>ずっと待っていたこの日が来た！）</span>,（是休假......我一直等待的这一天终于到来了！）
19,,<span class='scene-font-kokoro'>（しかもただの休暇じゃない。</span><br><span class='scene-font-kokoro'>海だ、リゾートだ……バカンスだ！）</span>,（而且不仅仅只是休假，这里是大海，是度假胜地......是度假！）
20,,<span class='scene-font-katari'>イルザが周囲を見回すと、</span><br><span class='scene-font-katari'>海辺で若者達がはしゃいでいる。</span>,伊鲁萨环顾四周，年轻人们在海边欢闹着。
21,,お前らー、守畏禍割りするぞ！<br>準備手伝ってー！,你们，我们来玩打西瓜了！帮忙准备下！
22,,遊泳エリアはあっちだって！<br>早く行こ！,听说那边有个游泳区！我们快去吧！
23,,ちょっと疲れた……<br>あそこのテントで休もうかな。,有点累了......在那边的帐篷那里休息下好了。
24,,<span class='scene-font-kokoro'>（過ごし方は色々あるようだが……</span><br><span class='scene-font-kokoro'>時間が惜しい、</span><br><span class='scene-font-kokoro'>まずはひと泳ぎといくか）</span>,（度假方式各种各样啊......时间不容浪费，我先去游一把泳好了）
25,,ほら、こっちこっち！<br>早く海の家に行きましょ！,来啊，这里，这里！我们快去海之家吧！
26,,この声は……,这个声音是......
32,,ビーチボール、<br>色んな模様がありますよ！<br>どれにしますか？,沙滩球，有各种图案呢！我们选哪一个？
33,,この青いのはどうかしら？<br>大きさ、ちょうどよさそうじゃない？,这个蓝色的怎么样？尺寸看起来正好？
35,,やはりコルワ殿だったか。,果然是柯露瓦阁下啊。
36,,え？,咦？
37,,あら、イルザさん！<br>奇遇ですね、驚きました。,哎呀，伊鲁萨小姐！真是巧啊，我很惊讶。
38,,先日は心のこもったお手紙を<br>本当にありがとうございました。<br>水着、とても良くお似合いですわ。,前几天收到您发自内心的信，非常感谢。这件泳装非常适合您。
39,,ありがとう。<br>今日は姬塔達とバカンスか？,谢谢。今天你是和姬塔她们一起来度假吗？
40,,ええ、たまには羽を伸ばそうと<br>声を掛けていただいて。,是的，她们邀请我偶尔放松一下。
41,,もしかして、<br>イルザさんも今日は<br>お休みの日ですか？,莫非伊鲁萨小姐今天也休息？
42,,ああ、明日からは<br>いつも通り仕事だがな。,是啊，明天开始又要像往常一样工作了。
43,,本当にお忙しいんですね。,真是很忙呢。
44,,休暇が取れただけマシな方だよ。,能申请到休假已经很好了。
45,,ところで、その水着も<br>コルワ殿が作った物なのか？<br>さすが、フェミニンで可愛らしい。,顺便问一下，柯露瓦阁下你穿的这件泳装也是自己制作的吗？不愧是阁下，非常有女人味，也很可爱。
46,,ありがとうございます！<br>イルザさんも本当によくお似合いで<br>作った者としても嬉しいです。,非常谢谢！伊鲁萨小姐也与泳装非常相配，作为作者我也很高兴。
47,,マントを取り入れた事で<br>イルザさんの凛々しさが<br>より引き立ちましたね！,加入斗篷让伊鲁萨小姐的威严更加突出了！
48,,なぁなぁ、<br>組織の奴らは一緒じゃねぇのか？,呐呐，你不和组织的人在一起吗？
49,,近くに訓練兵はいるだろうが、<br>折角の休暇に水を差すわけにいかない。<br>だからひとりだ。,附近应该有受训士兵，不过我不想给难得的休假泼冷水，所以现在是一个人。
50,,そうなのですか？<br>でしたら、もし良ければ<br>ご一緒しませんか。,是这样吗？这样的话要不要跟我们一起？
51,,これからビーチバレーを<br>する予定なんです。,我们打算接下来开始玩沙滩排球。
52,,いいのか？<br>ならば是非私も入れてくれ。,可以吗？那么请务必让我参加。
53,,わーい！<br>よかったですね、姬塔？,耶！太好了，是吧，姬塔？
59,,<span class='scene-font-katari'>浜辺のビーチバレーコートに移動した</span><br><span class='scene-font-katari'>イルザは入念に準備運動を始める。</span>,移动到海边的沙滩排球场的伊尔扎开始细心地做准备运动。
60,,ずいぶん気合入ってんなぁ～,相当有干劲啊〜
61,,ふ……私は遊びでも<br>手を抜くつもりは一切ない。<br>勝負は勝負だからな！,呼......即使是游戏我也不会放水的。比赛就是比赛！
62,,ふふっ、イルザさんは<br>何事にも妥協しないんですね。<br>……姬塔、私も妥協しないわ！,呵呵，伊鲁萨小姐不管做什么事都不会妥协呢。......姬塔，我也不会妥协的！
63,,むぅ～、負けませんよ！<br>ね、姬塔？,唔〜，我们才不会输！是吧，姬塔？
63-sel1_txt,,<span class='scene-font-katari'>絶対に勝つ！</span>,绝对要赢！
63-sel2_txt,,<span class='scene-font-katari'>お手柔らかに……</span>,请手下留情......
64,,ああ、勝負をするなら<br>それくらいの気概がなければな！,对啊，要打一场精彩的比赛就得有这种气魄！
65,,くくく……<br>楽しみになってきたぞ！,哼哼哼......越来越期待了！
66,,どうした？<br>騎空団を率いる団長とは<br>思えない弱気な発言だな。,怎么了？你这话怯懦地不像是率领一个骑空团的团长会说的话啊。
67,,それとも、私を油断させる作戦か？<br>姬塔に限って<br>その手は通用しないぞ？,还是说这是想让我大意的策略？就凭对手是姬塔，这种策略是不会成功的哦。
68,,そうよ、勝負を挑まれたなら<br>正々堂々と受けて立つのが<br>礼儀というものでしょう？,是啊，被挑战了的话堂堂正正应战才是正确的礼仪吧？
69,,<span class='scene-font-katari'>コルワに活を入れられ、</span><br><span class='scene-font-katari'>姬塔は「絶対に勝つ！」と</span><br><span class='scene-font-katari'>大声で宣言する。</span>,被柯露瓦激励后，姬塔大声宣布“绝对要赢！”
70,,イルザさん、よろしくお願いしますね。,伊鲁萨小姐，请多关照。
71,,……ところで、私達は歳も近いはずだ。<br>今は顧客ではないし、<br>友人として仲良くしてもらえないか？,......话说回来，我们应该差不多大吧。现在也不是客人关系，能不能作为朋友搞好关系？
72,,私の事もイルザでいい。<br>呼びにくければ無理強いはしないが……,叫我伊鲁萨就行了。如果觉得很难叫的话也不勉强......
73,,そう……ですか？,是……这样吗？。
74,,では、改めて……,那么，重新来一遍......
75,,イルザ！<br>姬塔達に勝つわよ！！,伊鲁萨！我们要赢姬塔她们！ ！
76,,ああ！<br>コルワも全力で来てくれ！,好！柯露瓦也全力放马过来吧！
77,,<span class='scene-font-katari'>イルザとコルワは笑みを浮かべ</span><br><span class='scene-font-katari'>軽快にハイタッチする。</span>,伊鲁萨和柯露瓦面带笑容，轻轻地碰了下手。
info,,1,scene_chr471_q1_s10