id,en,jp,trans
0-chapter_name,,第6話 点と点を繋ぐように,第6集连接点和点
0-synopsis,,姬塔達が駆けつけた時には、すでにウェルダーは重傷を負い、虫の息になっていた。しかし、なおもウェルダーはジェイドの元を目指し立ち上がる。フェンリルは、ウェルダーの強い意志を目の当たりにし、最後の一撃をわざと外して道を譲る。ジャスミンに傷の手当てをしてもらいながら、ウェルダーは姬塔達と共にジェイドのいる岬へ向かうのだった。,塔楼冲了过来，我们已经受了重伤，变成了一道昆虫。然而，陶先生仍然瞄准翡翠的原始。冯睿目睹了Takaharu先生的坚强意志，故意取消最后一击并让步。在让Jasmine处理伤口的同时，Takaharu先生带着Jade和塔一起前往海角。
0,,はぁ……,呼......
1,,あ、いたぞ！<br>やめろぉ、フェンリル！,啊，找到了！<br>住手，芬里尔！
2,,お、お話があるんです！<br>ふたりとも戦うのをやめて──,我有话要说！<br>你们两个人先停手──
5,,あ……<br>そんな……嘘でしょう……？,啊......<br>怎么会……骗人的吧......？
6,,…………,............
7,,<span class='scene-font-katari'>フェンリルの足元には、</span><br><span class='scene-font-katari'>ウェルダーが倒れており……</span><br><span class='scene-font-katari'>辺り一面が血に染まっていた。</span>,战士倒在了芬里尔脚边......周围布满了血迹。
8,,遅かったな……<br>もうカタはついたぜ。,你们来迟了......已经分出胜负了。
9,,お、おい……？<br>冗談だろ、こんな  のって……,喂......？<br>开玩笑的吧，这种事......
10,,さっさと連れて失せろ。<br>目を覚ますかは五分五分だ。,快带着他离开吧，<br>有一半的几率能醒过来。
11,,ああ、それとも……<br>てめぇらもやるってのかよ？,啊，还是说......<br>你们也想和我打一架 ？
12,,ち、違います……！<br>私達はジェイドちゃんの心の──,不是的......！<br>我们来把翡翠石的心────
13,,<span class='scene-font-4'>うるせぇ！</span><br>この愚図もサインとかほざいてたが……<br>結果は変わんねぇだろ。,吵死了！<br>这个蠢货也在说印记什么的......<br>结果还是不会改变的不是吗。
14,,こうするしかアイツは救われねぇ──,只有这样才能救那个家伙──
16,,う……ぁ……,呜......啊......
17,,…………ッ！？,............！ ？
18,,ウェルダー君……！？<br>あ、あの怪我で立ち上がるなんて……,威路达......！？<br>那样的伤竟然还能站的起来....
19,,ジェイ……<br>待ってろ……俺が……,翡翠......<br>等着......我......
20,,ウェルダー……<br>お前、フラフラだってのに……,威尔达.....<br> 你，已经都站不稳了......
21,,身体を引きずって……<br>意識だって、ほとんどもう……,硬拖着身体......<br>意识，都已经......
22,,ど、どうなってる……<br>なんで立ち上がれんだよ……？,发生了什么......<br>为什么还能站起来......？
23,,ただの空の民だろ……<br>何を考えてんだよ、この馬鹿は……！,只是个空之民...<br>在想什么啊，这个白痴......！
24,,行かない、と……<br>側にいて……やる……,得去...<br>他的身边......
25,,来るな……<br>こ、こっち来んじゃねぇ！,不......<br>不要过来！
26,,<span class='scene-font-4'>てめぇら！</span><br>この愚図を止めろ、死ぬぞ！？,你们！<br>阻止这个家伙！会死的！？
26-sel1_txt,,<span class='scene-font-katari'>止める</span>,阻止
26-sel2_txt,,<span class='scene-font-katari'>止めない</span>,不阻止
26-sel3_txt,,<span class='scene-font-katari'>様子を見る</span>,看看情况
28,,<span class='scene-font-katari'>思わず姬塔は、</span><br><span class='scene-font-katari'>ウェルダーに向かって走り出した。</span>,思考片刻，姬塔便向他跑去。
29,,姬塔……？<br>心配するな……俺は平気だ……,姬塔...？<br>别担心......我很好......
30,,まだ引き下がる訳にはいかない……<br>フェンリルにも解って貰いたいから……,我不能拒绝......因为即使在Furi我也想明白......
32,,<span class='scene-font-katari'>姬塔は拳を握り締め、</span><br><span class='scene-font-katari'>今にも庇ってやりたい衝動に耐えた。</span>,姬塔紧握者拳头，忍住了现在就要跑过去保护他的冲动。
33,,姬塔……？<br>ああ、ありがとう……,姬塔...？<br>啊，谢谢......
34,,俺は引き下がる訳にはいかない……！,"我不能就这样后退......！ "
35,,<span class='scene-font-katari'>姬塔は窺うように、</span><br><span class='scene-font-katari'>ウェルダーの表情を見つめた。</span>,正如我所看到的那样，佛塔看着山的表情。
36,,<span class='scene-font-katari'>するとウェルダーは、</span><br><span class='scene-font-katari'>その視線に気づいて微笑を返した。</span>,然后教授注意到凝视，然后微笑着回答。
37,,姬塔、安心しろ……<br>俺は引き下がる訳にはいかない……！,姬塔，放心吧......<br>我不能就这样后退.......！
38,,て、てめぇら……！？,你，你们......！ ？
39,,なぁ、フェンリル！<br>ほんとにわかんねぇのかよ……<br>まだ人と獣の絆はねぇって言うのかよ！,呐，芬里尔！<br>你真的不理解吗<br>还要说人与兽之间没有羁绊吗！
40,,オイラも自分がなんなのか、<br>難しい事はわかんねぇけど……,虽然我连自己是什么都不知道......
41,,ウェルダーの行動はわかるぜ！<br>相棒のためなら絶対に引かねぇ……<br>誰がなんと言おうと前に進むんだ！,但我了解威路达的行为！<br>为了伙伴的话绝对不能后退......<br>不管谁说什么都要前进！
42,,ほざいてんじゃねぇ……！<br>てめぇらは研究所を知らねぇ……<br>アイツの運命は決まってんだよ！,不要乱叫了......！<br>你们不并不了解研究所的事......<br>那家伙的命运已经决定了啊！
42-sel1_txt,,<span class='scene-font-katari'>変えてみせる</span>,改变给你看
42-sel2_txt,,<span class='scene-font-katari'>運命なんてない</span>,没有什么
42-sel3_txt,,<span class='scene-font-katari'>なぜそこまで否定する</span>,为什么要否定
43,,変える、だと……<br>簡単に言いやがって……,如果它改变了，......简单地说......
44,,…………ッ！？,............！ ？
45,,なッ……！<br>オ、オレは別に否定なんか……,什么？！我，我没有否定......
46,,クソ……,可恶......
47,,<span class='scene-font-4'>うるせぇうるせぇうるせぇ！</span>,吵死了吵死了吵死了！
53,,<span class='scene-font-4'>うるせぇぇぇッ！</span>,"吵死了！ "
54,,ウェルダー！<br>危ねぇ、避けろぉ！？,威尔达！<br>危险，快躲开！ ？
55,,…………ッ！,............！
63,,む……？,呃......？
64,,フェンリル、お前……,芬里尔，你......
65,,<span class='scene-font-katari'>フェンリルは充分に力を余しており、</span><br><span class='scene-font-katari'>ウェルダーに躱す力は残ってなかった。</span>,芬里尔保留了实力<br>威尔达已经没有力气回避了。
66,,<span class='scene-font-katari'>だがその渾身の一撃は、</span><br><span class='scene-font-katari'>ウェルダーの頬を掠め空を切っていた。</span>,但是那奋力一击<br>只是擦过了芬里尔的脸颊
67,,……眠ぃ、もう勝手にしろ。,......我困了，随你们吧。
68,,あ……<br>わざと当てないように……！,啊......<br>故意没有打中......！
70,,急いで手当します……！<br>お薬、ちょっと染みちゃいますよ？,要赶快治疗......！药，可能会有点痛呦？
71,,ジャスミン殿……<br>ああ、すまない……,杰思敏殿下.....<br>啊，对不起......
72,,フェンリル、さっきのは……,芬里尔<br>刚才的是......
73,,うるせぇ、死ね。<br>絶望ってもんを思い知るんだな。,吵死了，去 死。<br>去体验什么是绝望吧。
74,,フッ……<br>そうか、ありがとう……,哼......<br>是吗，谢谢......
75,,<span class='scene-font-katari'>一行はウェルダーを支えながら、</span><br><span class='scene-font-katari'>フェンリルを残して歩を進める。</span>,一行人搀扶着威路达<br>留下芬里尔离开了。
76,,<span class='scene-font-katari'>すると間を置かず、</span><br><span class='scene-font-katari'>どこか軽やかな足音が聞こえてきた。</span>,然后紧接着，传来了轻快的脚步声。
77,,…………,............
78,,ロキ……,洛基......
79,,気は済んだかい？,满意了吗？
80,,…………,............
81,,オレには、出来なかった……,我，<br>做不到的......
82,,脱走する時、アイツに……<br>絶対に戻って来て助けるって……,逃跑的时候，那家伙说 ......<br>绝对会回来救你的......
83,,でも、無理だった……<br>研究所を襲撃するなんてのは……,但是，那是不可能的......<br>袭击研究所什么的......
84,,何よりオレが不可能だと、<br><span class='scene-font-spword'>星の民</span>に敵う訳がねーと、<br>心のどっかで決めつけてたんだ……,而且我认为打败星之民是不可能的，<br>就擅自作出了决定
85,,……そう。<br>じゃあそろそろ帰る？<br>僕はちょっと興味が湧いたけど。,......是吗。<br>那差不多该回去了？<br>我稍微有点兴趣了呢。
86,,<span class='scene-font-spword'>星の民</span>が綴った悲劇に、<br>空の民がどんな続編を著すのか……ね。,由星之民谱写的悲剧，<br>会由空之民写出怎样的续章呢......？
87,,ふん……,哼......
info,,1,scene_evt170630_cp6_q3_s10