id,en,jp,trans
0-chapter_name,,第21章　霧に潜むもの,第21章　雾中迷影
0-synopsis,,小さな島を発見し、着陸の準備を進める<span>姬塔</span>たちに魔物の残党が襲いかかる。,<span>姬塔</span>一行发现了一座小岛，正准备着陆，残存的魔兽又向他们袭来。
0,,"ぃよっしゃ！！<br>
ロゼッタの予想は当たったみたいだな！<br>
島が見えてきたぜ！",太好了！！看来萝赛塔猜对了！已经能看见那座岛了！
1,,"ふふ……<br>
なんだか素敵な雰囲気の島じゃない。",呵呵……这座岛氛围不错呢。
2,,"小せぇ島だが……<br>
まぁ、騎空艇を降ろすにゃあ十分だ。<br>
あの島に着陸するぞ！",虽然是座小岛……不过足以让我们降落骑空艇了。就在那座岛上着陆吧！
3,,"っておい！<br>
まだ魔物が残ってやがるぞ！<br>
このままじゃ危ねぇ！",喂！还有魔兽留着呢！这样太危险了！
4,,"ちっ……着陸態勢に入ったら、<br>
どうしたって無防備になる……<br>
その前に片づけるぞ！！",切……一旦开始着陆就没办法防御了……在那之前解决掉！！
info,,1,scene_cp21_q1_s20