id,en,jp,trans
0-chapter_name,,第65章　新たな旅立ち,第65章新的旅程
0-synopsis,,父親である碧の騎士ヴァルフリートがファータ・グランデ空域に帰還すると知り、動揺するリーシャ。かつて姬塔の父親と旅を共にしたという父に尋ねることで全ての疑問が解決するだろう、と安堵するが、万が一、その真実ゆえに一行と敵対することになった場合、姬塔達と戦うことが出来るのか、リーシャは自分自身に問いかけるのだった。,莉夏得知了自己的父亲——碧之骑士瓦佛利特将要回到法塔格兰德空域的事情时，她内心动摇了。过去她的父亲曾与姬塔的父亲共同旅行过，只要她去询问，应该能问清现在全部的疑惑——这当然是令人心安的做法。但是万一知晓了真实，姬塔等人与莉夏站在对立的立场上的话，就可能会演变为战斗的结局。
0,,父さんが……,父亲他......
1,,はい！<br><span class='scene-font-place'>ダイダロイトベルト</span>経由で、<br>こちらにお戻りになるそうでして……,是的！他会经过<span class='scene-font-place'>碎石环</span>，然后回到这里。
2,,やっぱり七曜の騎士は違いますよね。<br>あんな場所を通って、<br>瘴流域を越えられるなんて……,果然七曜骑士与众不同啊，通过那样的地方，跨越瘴流域这样的事情都做得到...
3,,そ、そうですね……,确，确实呢...
4,,ところで、リーシャ船団長は、<br>どうしてこちらに？,说起来，莉夏船团长为什么在这里？
5,,もしやリーシャ船団長も、<br>第四騎空艇団に戻ってきて<br>いただけるんですか！？,难道莉夏船团长您要回到第四骑空艇团了吗！？
6,,いえ、その……<br>少し資料庫に用があって……,不，关于那个......是来借用一下这里的资料库。
7,,そうですか……,是这样啊...
8,,しかし、お父上も戻ってくるわけですし、<br>リーシャ船団長も<br>お戻りになっては如何ですか？,但是，既然父亲都要回来了，莉夏船团长也回来怎样？
9,,きっとヴァルフリート団長も、<br>お喜びになると思いますよ！,瓦佛利特团长一定会感到高兴的！
10,,わ、私がいま、あの騎空団に居るのは、<br>モニカさんからの指示です。,现在我呆在那个骑空团...是莫妮卡下达的指示。
11,,私の一存で戻ることは出来ません。<br>私は……元、船団長ですから。,我不能擅自回来。毕竟...我只是前任船团长而已。
12,,あっ……そ、そうですよね。<br>失礼致しました……,啊...确实...在下失礼了！
13,,いえ……<br>では、私は彼らと合流しますので、<br>これで……,没事。那么接下来我和他们汇合，在此先行告辞......
14,,<span class='scene-font-katari'>それだけを言うと、</span><br><span class='scene-font-katari'>リーシャは足早に</span><br><span class='scene-font-katari'>その場を立ち去っていく。</span>,<span class='scene-font-katari'>留下这句话后，莉夏就很快离开了那里。</span>
17,,<span class='scene-font-katari'>ひとりになったリーシャは、</span><br><span class='scene-font-katari'>自身を落ち着かせるように、</span><br><span class='scene-font-katari'>胸に手を当てる。</span>,<span class='scene-font-katari'>独自一人的莉夏为了让自己冷静下来，轻拍胸前。</span>
18,,父さんが……<br>この空域に帰ってくる……？,父亲大人要回到这片空域了吗？
19,,<span class='scene-font-kokoro'>（父さんは……</span><br><span class='scene-font-kokoro'>いまの私を見て、</span><br><span class='scene-font-kokoro'>どう思うんだろう……？）</span>,<span class='scene-font-kokoro'>（父亲大人......看到现在的我时，会怎么想呢？）</span>
20,,<span class='scene-font-kokoro'>（姬塔さん達と一緒に、</span><br><span class='scene-font-kokoro'>フリーシア宰相を止めたこと、</span><br><span class='scene-font-kokoro'>父さんは褒めてくれるかな……）</span>,<span class='scene-font-kokoro'>（与姬塔他们一起击败了芙莉西雅宰相的事，父亲大人会表扬我吗？）</span>
21,,<span class='scene-font-kokoro'>（いや、それより……</span><br><span class='scene-font-kokoro'>父さんが帰ってくるのなら、</span><br><span class='scene-font-kokoro'>直接父さんに聞くことが出来る……）</span>,<span class='scene-font-kokoro'>（不对...既然父亲大人要回来的话，就要当面问他...）</span>
22,,<span class='scene-font-kokoro'>（ルリアとビィくんについて……</span><br><span class='scene-font-kokoro'>父さんはいったい何を</span><br><span class='scene-font-kokoro'>知ってるんだろう……）</span>,<span class='scene-font-kokoro'>（关于露莉亚和碧的事.....爸爸究竟知道些什么......）</span>
23,,ふぅ……,ふぅ……
24,,<span class='scene-font-katari'>安堵した様子で、</span><br><span class='scene-font-katari'>リーシャは大きく息を吐く。</span>,<span class='scene-font-kokoro'>莉夏像是放心了样子，大大吐了口气。</span>
25,,<span class='scene-font-kokoro'>（でも、これでハッキリする……</span><br><span class='scene-font-kokoro'>ルリアとビィくんの関係も、</span><br><span class='scene-font-kokoro'>あの手記にあった記述の意味も……）</span>,<span class='scene-font-kokoro'>（但是这样就能搞明白了......那日记中所写的，关于露莉亚和碧的事）</span>
26,,<span class='scene-font-kokoro'>（これでようやく解決する……</span><br><span class='scene-font-kokoro'>これで全てが……）</span>,<span class='scene-font-kokoro'>（终于能解决了...... 终于可以知道一切的真相...）</span>
27,,……っ！！,......！ ！
28,,<span class='scene-font-kokoro'>（でも……父さんに確認して、</span><br><span class='scene-font-kokoro'>二人が一緒にいると</span><br><span class='scene-font-kokoro'>本当に危険だとわかったら……？）</span>,<span class='scene-font-kokoro'>（但是......如果和父亲大人确认后，她们俩在一起真的很危险的话...）</span>
29,,<span class='scene-font-kokoro'>（私は……</span><br><span class='scene-font-kokoro'>ルリアとビィくんを……</span><br><span class='scene-font-kokoro'>二人を引き離すことが出来るの……？）</span>,<span class='scene-font-kokoro'>（我真的能让露莉亚和碧分开吗？）</span>
30,,<span class='scene-font-kokoro'>（きっと騎空団の</span><br><span class='scene-font-kokoro'>みんなが反対する……）</span>,<span class='scene-font-kokoro'>（骑空团的所有人一定都会反对的...）</span>
31,,<span class='scene-font-kokoro'>（黒騎士のように、</span><br><span class='scene-font-kokoro'>自身の信念のために、</span><br><span class='scene-font-kokoro'>私は彼らと戦うことになるの……？）</span>,<span class='scene-font-kokoro'>（会像黑骑士那样为了坚守自己的信念，而演变成与他们战斗的结局吗？）</span>
32,,<span class='scene-font-katari'>最悪の想像に、</span><br><span class='scene-font-katari'>リーシャは固く目を閉じ、頭を振る。</span>,<span class='scene-font-katari'>当心中浮现这一最坏的想象时，莉夏紧闭双眼并摇头。</span>
33,,<span class='scene-font-katari'>しかし、想像した最悪の光景は、</span><br><span class='scene-font-katari'>それでもリーシャの脳裏から</span><br><span class='scene-font-katari'>離れることはなかった。</span>,<span class='scene-font-katari'>然而，这一最坏的想象却迟迟不能从莉夏的脑海中离去。</span>
info,,1,scene_cp65_q3_s10