id,en,jp,trans
0-chapter_name,,鬼教官とデザイナー,魔鬼教官和服装设计师
0-synopsis,,ある日、<span class='scene-font-place'>アウギュステ</span>での訓練に向けて水着を探していたイルザは、街の衣服店にあった一点物の水着に一目惚れするも、他の客に先を越されてしまう。落胆するイルザだったが、偶然先ほどの水着を作ったデザイナーのコルワと出会い、フルオーダーで水着を注文できる事に。完成した水着に大満足のイルザは、最高の水着でバカンスを過ごすため休暇を取ることを決めるのだった。,某日，为了给在奥格斯提的训练做准备，伊鲁萨前往商店物色泳装。她一眼看中了服装店的一件泳装，却被别人捷足先登了。为此伊鲁萨有点失望，却碰巧遇到了那件泳装的设计师柯露瓦，于是就订做了全手工制作的泳装。对完成的泳装非常满足的伊鲁萨为了能够穿着这最好的泳装度过假期，决定申请休假。
2,,走れ！　ぐずぐずするな！<br>弛んだケツの穴にクソ突っ込むぞ！,跑起来！别慢吞吞的！再慢我就把大便插到你们松弛的屁眼里！
3,,何のんびりやっている！<br>肥溜めのクソでのた打ち回る<br>ウジ虫か、お前は！,那么悠闲干什么！你是被粪池的大便打的满地滚的蛆虫吗！
4,,<span class='scene-font-katari'>いつ訪れるかわからない</span><br><span class='scene-font-katari'>正体不明の「敵」の襲撃に向けて</span><br><span class='scene-font-katari'>準備を続ける「組織」の訓練場。</span>,这里是为了应对不知何时会到来的未知“敌人”的袭击而不断地做准备的“组织”的训练场。
5,,<span class='scene-font-katari'>戦地で生き残る術を教えるため、</span><br><span class='scene-font-katari'>教官のイルザは普段と変わらず</span><br><span class='scene-font-katari'>訓練兵達に怒号を飛ばす。</span>,为了教授在战场上生存下去的技术，教官伊鲁萨像往常一样向受训士兵们怒吼着。
6,,整列！,整队！
7,,今日の訓練は以上だ。<br>解散！,今天的训练到此为止。解散！
8,,はっ！<br>教官殿！,是！教官阁下！
9,,<span class='scene-font-katari'>訓練を終え、イルザはきびきびと</span><br><span class='scene-font-katari'>訓練場を立ち去ろうとする。</span><br><span class='scene-font-katari'>その後ろをひとりの青年が追いかける。</span>,训练结束后，伊鲁萨利落地准备离开训练场。此时有个年轻人追上了她。
11,,イルザ教官殿！,伊鲁萨教官阁下！
12,,なんだ？,什么事？
13,,少し先の話になりますが、帰省するため<br>休暇をいただきたいと思います。<br>承認していただけますか？,虽然是一段时间以后的事，为了回家探亲我想申请休假，能请您批准吗？
14,,わかった、<br>心身の整備も仕事のうちだ。<br>しっかり休め。,我明白了，身心的维护也是工作的一部分。好好休息吧。
15,,はっ！,是！
16,,<span class='scene-font-kokoro'>（休暇か……</span><br><span class='scene-font-kokoro'>取れるものなら</span><br><span class='scene-font-kokoro'>私も取りたいが……）</span>,（休假啊......如果能申请的到话我也想申请啊......）
17,,<span class='scene-font-kokoro'>（既に予定はぎっしりだ。</span><br><span class='scene-font-kokoro'>訓練で</span><span class='scene-font-place'>アウギュステ</span><span class='scene-font-kokoro'>に出向く事に</span><br><span class='scene-font-kokoro'>なっているとはいえ、仕事は仕事……）</span>,（计划已经排满了，虽然为了训练要前往奥格斯提，但工作就是工作......）
18,,<span class='scene-font-2'>私も、海でゆっくりバカンスしたい……</span>,我也想在海边好好休假啊......
19,,はぁ……？<br>……教官殿にも、<br>そういう一面があったのですね。,咦......？ ......教官阁下也有这样的一面啊。
20,,<span class='scene-font-kokoro'>（しまった……）</span>,（糟糕......）
21,,<span class='scene-font-kokoro'>（……何をやっているんだ、私は……！</span><br><span class='scene-font-kokoro'>訓練兵に親近感を与えてどうする！）</span>,（......我在做什么......！怎么能给受训士兵亲近感！）
22,,何の話をしている？<br>私は何も言っていないし、<br>お前は何も聞いていない。,你在说什么？我什么都没说，你也什么都没听到。
23,,……いいな？,......听懂了吗？
24,,は……はっ！,是……是！
25,,フン……<br>わかればいい。,哼....明白就好。
26,,申請書を持って準備室に来い。<br>担当教官のハンコをくれてやる。,带着申请表到准备室来，我给你盖个主管教官的章。
32,,<span class='scene-font-katari'>仕事を終え、イルザはひとり</span><br><span class='scene-font-katari'>解放感と疲労感を覚えながら</span><br><span class='scene-font-katari'>夜の街を歩いている。</span>,工作结束后，伊鲁萨带着解放感和疲劳感，一个人走在夜晚的大街上。
33,,<span class='scene-font-kokoro'>（はぁ、今日は早く</span><br><span class='scene-font-kokoro'>帰るつもりだったんだがな……）</span>,（唉，今天本来打算早点回去的...）。
34,,<span class='scene-font-kokoro'>（そろそろ海での訓練に向けて</span><br><span class='scene-font-kokoro'>水着を新調しなければ。</span><br><span class='scene-font-kokoro'>この先に良さそうな店があったはず）</span>,（差不多该为海边训练做准备采购新泳装了。前面应该有家不错的店）
40,,はっ……！,这是！
41,,<span class='scene-font-katari'>通りに面したショーウィンドウ、</span><br><span class='scene-font-katari'>そこに飾られた白い水着に</span><br><span class='scene-font-katari'>イルザの目は釘付けになる。</span>,伊鲁萨的眼光牢牢地钉在了面向街道的橱窗中展示着的一件白色泳装上。
42,,<span class='scene-font-kokoro'>（素晴らしいデザインだ！</span><br><span class='scene-font-kokoro'>新作だろうか？）</span>,（非常棒的设计！是新作品吗？）
44,,やっぱり、コルワさんに頼んで<br>よかったわ～！,果然啊，拜托柯露瓦小姐真是太对了~！
45,,<span class='scene-font-katari'>店の奥から店主が現れ、</span><br><span class='scene-font-katari'>イルザがじっと見ている水着を</span><br><span class='scene-font-katari'>ショーウィンドウから下ろす。</span>,店主从商店后面出现，将伊鲁萨一直盯着的泳装从橱窗里撤下。
46,,っ！　まさか……,！难道是....！
53,,はい、お釣りをどうぞ。<br>お買い上げありがとうございました！,请拿好找零。谢谢惠顾！
55,,やはりか……,果然......
56,,いらっしゃいませ。<br>どのような物をお探しですか？,欢迎光临。请问您在找什么样的衣服？
57,,あの女性が買っていった水着が<br>欲しかったのだが、<br>同じ物はないだろうか？,我想买刚刚那位女性买走的泳装，请问有没有同样款式的？
58,,すみません……<br>あれは、人気デザイナーのコルワさんが<br>手掛けた一点物なんです。,很抱歉......那是当红设计师柯露瓦小姐亲手制作的唯一一件服装。
59,,そうだったのか……,是这样啊......
60,,他のデザイナーの水着にはなりますが、<br>人気商品も多数ご用意しております。<br>宜しければご覧になりませんか？,虽然是其他设计师设计的泳装，弊店准备有很多受欢迎的商品。如果方便的话您要不要看一下？
61,,ああ、是非。,嗯，务必让我看下。
67,,<span class='scene-font-katari'>店主に案内されるまま</span><br><span class='scene-font-katari'>イルザは人気デザイナーの手掛けた</span><br><span class='scene-font-katari'>オリジナルの水着を見ていく。</span>,伊鲁萨在店主带领下看了当红设计师亲自制作的原创泳装。
68,,<span class='scene-font-kokoro'>（どれも目を見張る物ばかりだな。</span><br><span class='scene-font-kokoro'>しかし、ショーウィンドウにあった</span><br><span class='scene-font-kokoro'>あの一着に代わる物はこの中にない）</span>,（每件都是让人眼前一亮的作品。但是里面没有一件可以代替橱窗里的那一件。）
69,,<span class='scene-font-kokoro'>（惜しい事をした……</span><br><span class='scene-font-kokoro'>これも管理職の宿命か……）</span>,（太可惜了......这也是管理人员的命运吗......）
70,,はぁ……,唉......
71,,いかがですか、お客様。<br>店にあるものでしたら、こちらの<br>黒い水着もお似合いかと存じますが……,客人您觉得如何呢？弊店的商品里，我觉得这边这件黑色的泳装很适合您......
72,,ありがとう。<br>形は好みだが、<br>色は白と決めていてな……,谢谢你。形状我很喜欢，但我已经决定要白色的......
73,,<span class='scene-font-kokoro'>（一度出直すか……</span><br><span class='scene-font-kokoro'>どうもあの一着が脳裏に焼きついて</span><br><span class='scene-font-kokoro'>何を見てもピンとこない）</span>,（还是下次再来吧......那件泳装留下的印象太深了，其他看什么都不来电。）
76,,ご免ください！<br>遅くなってすみません。,有人吗！很抱歉，迟到了。
77,,ごめんなさい、<br>私達の依頼が長引いて<br>到着が遅くなってしまいました。,对不起，我们的委托拖的时间太长导致来的晚了。
78,,<span class='scene-font-kokoro'>（ん？　この声は……）</span>,（嗯？这个声音是......）
79,,お待ちしておりました！<br>閉店時間に間に合ってよかったです。,我一直在等您！很高兴及时赶上关门时间。
80,,ご注文いただいた品はこちらです。<br>状態をチェックしていただいても<br>よろしいかしら？,您订购的商品在这里。可以请您检查一下状态吗？
82,,やはり姬塔達だったか。<br>元気にしていたか？,果然是姬塔你们啊？最近还好吗？
83,,おっかない姉ちゃん！,吓人的姐姐！
84,,あら？<br>姬塔のお知り合い？,哎呀？姬塔认识的人吗？
85,,まぁ、前に色々あってよ。,嗯，之前碰到了一点事。
93,,<span class='scene-font-katari'>とある島を舞台に起きた</span><br><span class='scene-font-katari'>「敵」による侵略と襲撃。</span>,以某个岛屿为舞台发生的“敌人”的侵略和袭击。
99,,<span class='scene-font-katari'>姬塔達はイルザを始め</span><br><span class='scene-font-katari'>「組織」に属するメンバーと共に戦い</span><br><span class='scene-font-katari'>「敵」を撃退したのだった。</span>,姬塔等人和以伊鲁萨为首的隶属于“组织”的成员一起战斗，击退了“敌人”。
107,,久しぶりだな。<br>依頼で来たのか？,好久不见了。因为委托到这里来的吗？
108,,ああ、仕立て屋の姉ちゃんの<br>服を納品しに来たんだ。,是啊，来送裁缝的姐姐做的衣服。
109,,あの時は本当に世話になった。,那时候真是承蒙关照了。
110,,軍服着てるって事は<br>また何かの任務中なのか？,你还穿着军服，也就是说在做什么任务？
111,,いいや、仕事帰りに<br>ふらりと店に立ち寄っただけだよ。,不，我只是下班途中偶尔逛到这家店。
112,,へぇー、任務中の厳しい姉ちゃんしか<br>見てなかったから、<br>買い物してるなんてちょっと新鮮だな。,欸，因为只看到过任务中很严厉的姐姐，现在看到你在买东西感觉有点新鲜。
113,,任務だから厳しくしているだけだ。<br>仕事を終えれば服も買うし、<br>甘い物を食べる事だってある。,因为是任务所以才严厉的。工作结束了的话我也会买东西，也会去吃甜食。
114,,ところで、姬塔達は<br>何故この島に来たんだ？,话说回来，你们为什么来这个岛？
115,,仕立て屋の姉ちゃんの依頼で<br>服を納品しに来たんだ。,我们是应裁缝姐姐的要求来送衣服的。
116,,彼女……<br>仕立て屋なのか。,她......是裁缝？
117,,<span class='scene-font-katari'>イルザは店主と話をする</span><br><span class='scene-font-katari'>コルワに目を向ける。</span>,伊鲁萨将目光转向正在和店主交谈的柯露瓦。
118,,状態はどれも問題ありません。<br>それにしても、コルワさんのデザインは<br>本当にどれも素敵ですね！,每件衣服状态都很好，没有问题。话说回来，柯露瓦小姐的设计真是每件都很棒！
119,,ご好評いただけているようで光栄です。<br>次のオーダーも<br>尽力させていただきますね！,能受好评我觉得很荣幸。下次订单我也会尽力完成的！
120,,コルワ……？,柯露瓦......？
121,,あの水着を作ったデザイナーなのか！？,制作了那件泳装的设计师吗！？
122,,<span class='scene-font-katari'>コルワの名前を聞いた瞬間</span><br><span class='scene-font-katari'>イルザは顔色を変えて</span><br><span class='scene-font-katari'>店主とコルワのそばへ駆け寄る。</span>,听到柯露瓦的名字以后，伊鲁萨瞬间变了脸色，赶到店主和柯露瓦身边。
123,,すまない、<br>少しいいだろうか？,抱歉打扰一下，方便说话吗？
124,,はい、どうかなさいましたか？,是的，有什么事吗？
125,,貴女は人気デザイナーと聞いているが、<br>個人のオーダーメイドは<br>受け付けているのだろうか？,我听说你是当红的设计师，请问你接不接个人的订单？
126,,はい、勿論です。<br>ただフルオーダーの方は少々、<br>時間と費用を頂戴します。,是的，当然接。但是如果要完全订制的话，需要一些时间和费用。
127,,構わない。<br>それは覚悟した上での依頼だ。,没有关系。我已经做好准备才想委托你制作。
128,,<span class='scene-font-katari'>イルザは目の前で売れてしまった</span><br><span class='scene-font-katari'>コルワの水着が大変気に入ったので、</span><br><span class='scene-font-katari'>同じ物が欲しいのだと説明する。</span>,伊鲁萨向柯露瓦说明道，她非常喜欢刚才那件在她眼前被别人买走的泳装，希望买同样款式的。
129,,なるほど……<br>お気に召していただけて<br>大変光栄です。,原来如此...我很荣幸您那么喜欢它。
130,,ああ、ショーウィンドウで見た時から<br>あの水着でビーチに立つ自分の<br>イメージが頭から離れてくれない。,是啊，我看到橱窗里的那件泳装后，自己穿着那件泳装站在海滩上的影像就一直留在脑海里挥之不去。
131,,<span class='scene-font-place'>アウギュステ</span>の<br>美しい海を堪能するなら、<br>それ相応の水着がなくてはならない。,要享受奥格斯提的美丽大海的话就必须穿合适的泳装。
132,,状況が許すのであれば、<br>あの水着を私にも作ってほしい！,如果情况允许的话，我希望你能为我也做一件那样的泳装！
133,,どうか！,拜托了！
134,,私の作った水着にそこまで<br>入れ込んでいただけるなんて、<br>デザイナー冥利に尽きますわ！,您能这么中意我做的泳装，作为设计师我感到莫大的光荣！
135,,問題は納期ですね。<br>いつまでにご入り用ですか？,问题是交货日期。您什么时候需要？
136,,<span class='scene-font-katari'>イルザが提示した日程を聞き、</span><br><span class='scene-font-katari'>コルワは手帳を開いて</span><br><span class='scene-font-katari'>自分のスケジュールを確認する。</span>,听着伊鲁萨说明的日程，柯露瓦翻开笔记本，确认自己的日程。
137,,うーん、そうですね……,嗯……我想想……
138,,急なお願いだという事は<br>重々承知だが、<br>やはり厳しいだろうか？,我知道这个委托很突然，是不是真的很难做到？
139,,恐れ入りますが、<br>少々お待ちください。,对不起，请稍等。
140,,……もう他は仕上がっているし、<br>お針子さんの手は……<br>うん、ここで空くわ。,......其他的订单已经完成了，缝工也......嗯，这时候会空出来。
141,,イメージさえ固まれば……,只要形象固定下来......
142,,……うん、一着いける！,......嗯，可以再做一件！
143,,大丈夫です、オーダーメイドの方<br>引き受けさせていただきます！,没关系，我接受您的订单！
144,,……！<br>ありがとう！,......！谢谢！
145,,<span class='scene-font-katari'>コルワは白紙のページを開き、</span><br><span class='scene-font-katari'>羽根ペンで必要事項を書き連ねる。</span>,柯露瓦把笔记本翻到空白页，用羽毛笔开始列举必要事项。
146,,折角のオーダーメイドですもの、<br>デザインに関して何か<br>ご要望があればお聞かせください。,难得遇到手工订制，如果您对设计有什么要求的话请说。
147,,先ほどご覧になった一着に、<br>何か加えたい部分は<br>ございませんでしたか？,刚才您看到的那件泳装，以那件为基础有没有什么想要添加的部分？
148,,願ったり叶ったりだ。<br>実はここがこうだったらより好みだと<br>考えていた部分があってな……,这正合我心意。其实有几个部分我有些想法，这样改会更加符合我的口味......
149,,<span class='scene-font-katari'>イルザは店にあったコルワ作の</span><br><span class='scene-font-katari'>水着を並べ、細かな装飾について</span><br><span class='scene-font-katari'>要望を伝える。</span>,伊鲁萨将店里柯露瓦制作的泳装并列排开，向她说明装饰上的细节。
150,,胸元はこの水着のように<br>網目になっているものがいい。<br>水色のラインは金色にしてほしい。,胸部我希望可以像这种泳衣一样是网状的。这个水色的线条改成金色。
151,,かしこまりました。<br>腰回りの形はいかがでしょう？<br>今少しすっきりさせてもお似合いかと。,明白了。腰围的形状怎么样？把它改的更简洁一点我觉得也挺适合您。
152,,少し丈を短くしてほしい。<br>薄手の生地にしてもらいたいが<br>出来そうか？,我希望可以缩短一点。能不能用轻薄的面料？
153,,ええ！　勿論です。<br>布のサンプルをご覧になりますか？<br>好みをお聞かせ願えればと。,当然可以。你想看布料的样品吗？我想知道您的喜好。
154,,サンプルを持ち歩いているのか？<br>ありがたい、拝見しよう。,你带着样品吗？谢天谢地，让我看看吧。
155,,……ふむ、これは手触りが……,......嗯，这个触感有点......
156,,イルザさん、<br>すごいこだわりですね！,伊鲁萨小姐，非常讲究呢！
157,,むしろ、オーダーメイドして<br>もらえる事になって<br>よかったんじゃねぇか？,不如说，泳装能定制让她觉得很高兴吧？
158,,<span class='scene-font-katari'>イルザとコルワの打ち合わせは</span><br><span class='scene-font-katari'>閉店間際まで続けられた。</span>,伊鲁萨和柯露瓦的交流一直持续到关店。
169,,<span class='scene-font-katari'>そして暫く経った後、</span><br><span class='scene-font-katari'>完成した水着を店主から受け取った</span><br><span class='scene-font-katari'>イルザは自室で試着してみた。</span>,过了几天，伊鲁萨从店主处收到完成的泳装，在自己的房间进行了试穿。
185,,ふふふ、素晴らしい……<br>完璧じゃないか！,呵呵呵，精彩......简直完美！
186,,<span class='scene-font-kokoro'>（こちらのマントもいい具合だ。</span><br><span class='scene-font-kokoro'>これなら、私の銃ニバスを</span><br><span class='scene-font-kokoro'>提げていても問題ない）</span>,（这边的斗篷也很好，如果有这个，带上我的枪尼巴斯应该也没什么问题）
187,,<span class='scene-font-katari'>姿見鏡の前に立ち、</span><br><span class='scene-font-katari'>イルザは様々なポーズを取って</span><br><span class='scene-font-katari'>コーディネートをチェックする。</span>,伊鲁萨站在镜子前，摆出各种姿势检查搭配。
188,,<span class='scene-font-kokoro'>（仕事が長引いてコルワ殿の到着時間に</span><br><span class='scene-font-kokoro'>間に合わなかった事が惜しまれる。</span><br><span class='scene-font-kokoro'>店で直接会って礼が言いたかった）</span>,（工作时间拖长导致我没赶上柯露瓦阁下到店里的时间，太可惜了，我还想在店里向她亲自道谢的。）
189,,<span class='scene-font-kokoro'>（せめて手紙でも書こう。</span><br><span class='scene-font-kokoro'>でなければ私の気持ちが収まらん）</span>,（至少写封信道谢好了，不然我过意不去。）
190,,<span class='scene-font-katari'>イルザは便箋を選び、</span><br><span class='scene-font-katari'>姬塔姬塔と感謝の思いを書き連ねる。</span>,伊鲁萨选好信纸，不断写下她的感激之情。
191,,<span class='scene-font-kokoro'>（こんな素晴らしい水着がありながら</span><br><span class='scene-font-kokoro'>リゾート地に行って休みを取らないのは</span><br><span class='scene-font-kokoro'>勿体なさすぎる）</span>,（有这么出色的泳装却不能去休假地休假也太浪费了）
192,,<span class='scene-font-kokoro'>（決めたぞ……</span><br><span class='scene-font-place'>アウギュステ</span><span class='scene-font-kokoro'>での訓練後に休暇を取る。</span><br><span class='scene-font-kokoro'>１日だけでも、絶対だ！）</span>,（我决定了......一定要在奥格斯提的训练结束后休假。就算只有一天，也绝对要休！）
193,,<span class='scene-font-katari'>手紙を書きながらイルザは</span><br><span class='scene-font-katari'>固く決意するのだった。</span>,伊鲁萨一边写信，一边下决心。
info,,1,scene_fate_chr471_ep1