id,en,jp,trans
0-chapter_name,,第50章　再会と試練,
0-synopsis,,鬱蒼とした森の景色に目を奪われるリーシャ。聞けば、彼女の故郷にはここまで深い森はなかったという。そこから話は、彼女の父親である碧の騎士ヴァルフリートへと移り変わる。面識がないはずのヴァルフリートについて懐かしげに話すビィ。その様子に一行は驚き、ビィ自身、困惑した表情を見せる。封印を解いたことでビィには過去の記憶が戻りつつあるのだった。,莉夏看着苍郁的森林感到震撼，她在故乡从没见过如此幽深的森林。于是话题慢慢转移至她的父亲，碧蓝骑士瓦尔弗里德。对于应该从未见过面的瓦尔弗里德，阿碧不知怎的怀念起细节。在众人感到惊讶的同时，阿碧自己也一样困惑不已。随着封印的解开，阿碧过去的记忆开始恢复。
0,,それにしても……<br>ここは本当に見事な森ですね。,话说回来……这片森林真的很壮观啊。
1,,私……<br>こんなに鬱蒼とした森を訪れたのは、<br>初めてかもしれません。,我……好像还是第一次来到这样繁茂的森林。
2,,<span class='scene-font-katari'>ロゼッタを探し、</span><br><span class='scene-font-katari'>ルーマシーの森を進む</span><br><span class='scene-font-katari'>姬塔一行。</span>,<span class='scene-font-katari'>姬塔一行在Lumacie森林中寻找着萝赛塔。</span>
3,,<span class='scene-font-katari'>木々をかき分けるようにしながら</span><br><span class='scene-font-katari'>進んでいると、</span><br><span class='scene-font-katari'>不意にリーシャがそんな感想を述べた。</span>,<span class='scene-font-katari'>众人正拨开草木前进着，莉夏突然发出了感慨。</span>
4,,そういえば、<br>リーシャの故郷はどこなの？,这么说来，莉夏的故乡是哪里呀？
5,,こういう森が珍しい、ってことは、<br>あんまり<br>田舎の島じゃないみたいだけど……,这样的森林很少见，那也就是说，莉夏的故乡不是太偏僻的岛屿吧……
6,,故郷……<br>故郷ですか……,故乡……故乡吗……
7,,うーん……<br>生まれた島ではないから、<br>厳密には違うのかもしれないけど……,嗯……其实那不是我出生的岛屿，所以严格来讲也算不上故乡吧……
8,,やっぱり、<br>第四騎空艇団の本拠地である<br>アマルティア島でしょうか。,果然还是第四骑空艇团的据点Amalthea岛吧。
9,,秩序の騎空団の団員になる前も、<br>もちろん団員になった後も、<br>一番過ごした時間が長いですから。,不管是成为秩序骑空团团员之前还是之后，我在那里度过的时间是最长的。
10,,団員になる前、ってことは……<br>リーシャは子供の頃から、<br>アマルティア島に居たのね。,成为团员之前……莉夏从小就在Amalthea岛了吗。
11,,リーシャは……<br>どんな子供だった……？,莉夏小时候……是个怎么样的孩子……？
12,,恥ずかしながら……<br>甘えん坊でしたね。,很不好意思说呢……我小时候很爱撒娇。
13,,駄々をこねて、<br>父さんの仕事に<br>無理やり付いて行ったりして……,总是死缠烂打地跟着父亲去工作……
14,,あの碧の騎士が、<br>子連れで依頼に現れるんだから……<br>皆さん、さぞ驚いたと思います。,那个碧蓝骑士竟然会带着孩子去接受委托……大家想必都大吃一惊吧。
15,,けどまぁ……<br>ヴァルフリートの奴、<br>いっつもおっかねぇ顔してるし……,不过……瓦尔弗里德那家伙总是板着个脸……
16,,子連れくらいの方が<br>親しみやすいかもしんねーけどな！,带着孩子去，反而感觉更亲切一点吧！
17,,あれ？　え、えっと……<br>ビィくんは父さんと、<br>面識があるんでしたっけ……？,咦？ 那、那个……阿碧认识我父亲吗……？
18,,え？　いや……あれ？<br>そんなはずねーけど……<br>あれ？　なんでだ……？,咦？ 不……咦？应该没有见过……好奇怪？ 为什么啊……？
19,,会ったこともない人を<br>おっかない顔なんて、<br>それはちょっと失礼なんじゃない？,见都没见过就说别人板着脸，这不是很失礼嘛。
20,,で、でもオイラ……<br>会ったことねーはずなのに、<br>あいつと話した記憶が……,可、可是咱……明明应该没见过他，却记得和他说话的情景……
21,,姬塔さん達が旅を始める前に、<br>父さんがザンクティンゼルに、<br>立ち寄っていたんでしょうか……？,也许是你们开始旅途之前，父亲去过赛克汀瑟吧……？
22,,その可能性も考えられるが、<br>これは恐らく……,也有这个可能性，不过应该是因为……
22-sel1_txt,,<span class='scene-font-katari'>記憶が戻り始めてる</span>,<span class='scene-font-katari'>记忆开始恢复了</span>
22-sel2_txt,,<span class='scene-font-katari'>勘違いだと思う</span>,<span class='scene-font-katari'>是错觉吧</span>
23,,ああ……<br>力と共に封印されていたという記憶が、<br>ビィ君の中に戻りつつあるようだな。,没错……和力量一起被封印的记忆，开始渐渐恢复了。
24,,いえ、その……<br>娘の私が言うのも、<br>アレなんですが……,不，那个……我作为女儿说这话虽然有点不妥吧……
25,,確かに父さんは、<br>厳しい表情をしていることが<br>多いというか……,大多数时候，父亲的表情的确很严肃……
26,,見ようによっては、<br>いつも怖い表情をしているように<br>見えるかもしれません……,可能在旁人看来，他总是凶巴巴的样子……
27,,恐らくビィ君は、<br>過去に本当に碧の騎士と、<br>会っているのだろうな……,也许阿碧在过去的确遇到过碧蓝骑士……
28,,そしてその当時の記憶こそが、<br>ロゼッタの言っていた、<br>封印された記憶ということか……,而那时的记忆，就是萝赛塔所说的，被封印的记忆……
29,,じゃ、じゃあ……<br>やっぱりオイラ、ザンクティンゼルで、<br>記憶の封印も解いちまったんだな……,那、也就是说……在赛克汀瑟，咱已经把记忆的封印给解开了……
30,,いまはまだ知らない記憶が、<br>少し混じってるくらいだけど、<br>そのうち、もっとひどいことに……,现在只有一点点未知的记忆混在脑子里，但往后会越来越严重吧……
31,,<span class='scene-font-katari'>ビィが不安そうにうつむくと、</span><br><span class='scene-font-katari'>不意にルリアがその手をとった。</span>,<span class='scene-font-katari'>阿碧不安地低下头去，却被露丽亚牵起了手。</span>
32,,大丈夫ですよ、ビィさん。<br>これから色んな記憶が戻ったとしても、<br>ビィさんはビィさんです。,没事的，阿碧。就算你今后想起越来越多的事情，你还是你呀。
33,,昔のビィさんのことはわからないけど、<br>いまのビィさんのことは、<br>みんな知ってます……,虽然我们不清楚阿碧以前的事情，但我们熟知现在的你……
34,,だから大丈夫です！<br>何があっても<br>ビィさんはビィさんですよ。,所以肯定没事的！不管发生什么事，阿碧都是阿碧。
35,,ルリア……,露丽亚……
36,,<span class='scene-font-katari'>ルリアの言葉に、</span><br><span class='scene-font-katari'>ビィの表情はわずかに明るくなり、</span><br><span class='scene-font-katari'>一行は森を進んでいく。</span>,<span class='scene-font-katari'>听了露丽亚的话，阿碧的表情明朗起来。众人也开始继续前进。</span>
37,,<span class='scene-font-katari'>しかし、その影でひとり</span><br><span class='scene-font-katari'>思いつめたような表情を浮かべる、</span><br><span class='scene-font-katari'>オルキスの姿があった。</span>,<span class='scene-font-katari'>然而，在众人身后，欧尔基斯却感到一阵失落。</span>
38,,何があっても……<br>私は……私？<br>でも……アポロが望んでるのは……,不管发生什么……我都是……我？可是……阿波罗的愿望是……
39,,…………,…………
info,,1,scene_cp50_q2_s10