id,en,jp,trans
0-chapter_name,,泣き虫王子とオレ様執事, 爱哭鬼王子和唯我独尊执事
0-synopsis,,一行は魔物図鑑制作の手助けを依頼され、魔物絵師のルナールが魔物をスケッチする手伝いをする。依頼を終えて彼女の部屋を訪れると、裸の男が絡み合う絵が大量に見つかり、ルナールは自らが耽美絵師を目指していることを明かす。しかし、耽美絵物語は希少で勉強もできないと嘆く彼女に、ルリア達は旅に同行して島々を探さないかと提案する。, 接了委托帮忙完成魔物图鉴的一行人、去帮魔物画师露娜露完成魔物素描了。完成委托后受邀到了她的房子、被发现有大量裸男在交缠的画之后、露娜露她说明了自己想成为耽美画师的意向。不过、因为耽美图画本太稀有没法学习而在叹息、对这样的她我们提出了一起旅行去各式各的岛收集的邀请。——mirror0420
0,,グォン……！, 嘎噢……！
1,,うわっ！<br>そっち行ったぞ、ルリア！, 哇啊！<br>去你那边了、露莉亚！
2,,任せてください！<br>ええっと、エサ、エサ……, 交给我吧！<br>那个、诱饵、诱饵……
3,,あ、おい！<br>急がねぇと逃げちまうぜ！, 喂、喂！<br>不快点的话要被逃了！
4,,はわっ！？<br>エ、エサがもうなかったです……！, 哈哇哇！？<br>诱饵、已经没有了……！
5,,グオォォォン！, 嘎噢噢噢噢噢！
6,,なんてこった……<br>ルナール、もう描き終わったか！？, 怎么会这样……<br>露娜露、你画好了吗！？
7,,……まだよ。, ……还没有。
8,,ああっ！<br>お願い、まだ逃げないでー！, 啊啊啊！<br>求你了、别再逃了好吗ー！
13,,<span class='scene-font-katari'>遡ること数時間前。</span><br><span class='scene-font-katari'>一行はシェロカルテに呼ばれ、</span><br><span class='scene-font-katari'>依頼の話を聞いていた。</span>,<span class='scene-font-katari'>回到数小时之前。</span><br><span class='scene-font-katari'>一行人被榭洛科特叫来、</span><br><span class='scene-font-katari'>听了听委托的内容。</span>
14,,お仕事の依頼で～す！<br>実は知人の商会がですね～<br>最新版の魔物図鑑を作ってるんです～, 有工作的委托来～了！<br>其实是我相熟的商会呢～<br>正在做一份最新版的魔物图鉴～
15,,それで～<br>魔物の絵を担当してる絵師さんの、<br>お手伝いをして頂きたいんですよ～, 然后呢～<br>想请你们去帮一帮、<br>负责画魔物的画师～
16,,わかったぜ！<br>でも、手伝いって何をするんだ？, 交给我们吧！<br>不过、是要帮忙做什么？
17,,それがですね～<br>彼女が魔物をスケッチする間、<br>観察しやすいようにして欲しいんです～, 这个呢～<br>她说想要在素描魔物的时候、<br>可以更加轻松地观察～
18,,なるほど……<br>彼女ということは、女の人なんですか？, 这样啊……<br>你说她、是个女画师吗？
19,,はい～<br>彼女はルナールさんといって～<br>「魔物絵師」と呼ばれてます～, 是的～<br>她叫露娜露～<br>其他人都叫她「魔物画师」～
20,,ふふふ～<br>まるで生きてるみたいな大迫力の絵で～<br>とても有名なんですよ～, 哼哼哼～<br>她画出来的画就像活的一样有迫力～<br>是个非常有名的画师～
21,,ではでは～<br>よろしくお願いしますね～, 那么～<br>就拜托你们了～
26,,<span class='scene-font-katari'>なんとか依頼を終えた一行は、</span><br><span class='scene-font-katari'>近所にあるルナールの自宅で、</span><br><span class='scene-font-katari'>休憩させてもらうことになった。</span>,<span class='scene-font-katari'>总算完成了委托的一行人、</span><br><span class='scene-font-katari'>被邀请到就在附近的露娜露家、</span><br><span class='scene-font-katari'>稍稍休息一会。</span>
27,,ふぅ……<br>思ったより大変でしたね……<br>でも、絵が出来て良かったです！, 呼……<br>比想象中的更棘手呢……<br>不过、画能完成真是太好了！
28,,完成はしてないわ。<br>これから着彩するのよ。, 还没有完成的。<br>之后还要上色。
29,,え？<br>こ、これからですか？<br>ちょっと休んだほうが……, 欸？<br>现、现在就开始吗？<br>还是先休息一下吧……
30,,さっさと終わらせたいの。<br>脳裏に魔物が焼きついてるうちにね。, 我想尽快完成它。<br>趁现在脑海里魔物的形象还很鲜明。
31,,わぁ……<br>なんかカッコイイです！<br>仕事熱心なんですね！, 哇啊……<br>我觉得你这样很帅啊！<br>是热心工作的人呢！
32,,逆よ。<br>仕事だから、効率重視。<br>インスピレーションとか必要ないし。, 相反。<br>因为是工作、所以才重视效率。<br>反正这工作又不用灵感之类的。
33,,え、えっと……<br>そ、そうなんですか……, 那、那个……<br>是、是这样的啊……
34,,──ウッヒャァァァ！！, ──呃啊啊啊啊啊！！
35,,ビィさん！？<br>あ、あっちの部屋からです！, 碧！？<br>是、从那个房间传来的！
36,,わたしの仕事部屋……？<br>もう、勝手なことして……！, 我的工作室……？<br>真是的、别随便乱碰……！
40,,だ、大丈夫ですか！？<br>いったい何が……, 你、没事吧！？<br>到底怎么了……
41,,信じられねぇ……<br>なんなんだよ、この大量の絵は！？, 真不敢信……<br>这是怎么一回事、这大量的画是！？
42,,え……？<br>それは、だって絵師さんですし……,什么......？欸……？<br>这是、因为是画师嘛……
43,,ひゃあぁぁぁ！<br>おおお、男の人の裸がいっぱい……！？, 唔呀呀呀呀！<br>有有有、很多裸体的男人……！？
44,,見ろ！<br>こっちのはもっとオカシイぜ！<br>ルナールのヤツ、とんでもねぇ──, 你看！<br>这边的画更加奇怪！<br>露娜露这家伙、了不起啊──
45,,……見たな？, ……看到了？
46,,ひゃい！？<br>ル、ルナールさん……？, 唔呀！？<br>露、露娜露……？
47,,はぁ……<br>た、ただの人体模写よ……<br>基礎的な訓練でしょ。, 哈……<br>只、只是普通的人体素描……<br>是很基本的训练。
48,,さ、出て行って頂戴。<br>仕事道具を壊したらどうするの。, 出、出去吧。<br>弄坏了工作工具的话要怎么办。
49,,ルリア、離れろ！<br>その女は普通じゃねぇ！<br>男が殺し合ってる絵ばっか描いてんだ！, 露莉亚、快离开<br>那个女的不是普通人！<br>她在画一些男人在互相残杀的画！
50,,……っ！？<br>ち、違うもん！<br>絡み合ってるんだもん！,……！？<br>不、不是这样的！<br>他们是在互相交缠！
51,,え？<br>か、からみ……？, 欸？<br>交、交缠……？
52,,うああっ！？<br>し、しまったあ……！, 呃啊啊！？<br>糟、糟了……！
54,,えっとぉ……<br>とりあえず危ないヤツじゃねぇのか？, 那个……<br>所以你不是个危险人物对吧？
55,,うぅ～……<br>当たり前でしょ……, 嗯嗯～……<br>当然不是啊……
56,,わたしは……<br>巷で魔物絵師とか言われてるけれど……<br>本当は「耽美絵師」を目指してるのよ。, 我呢……<br>虽然街上的人都当我是魔物画师……<br>不过其实是本身是想当「耽美画师」的。
57,,え、ええと……<br>たんびえし、ですか……？, 那、那个……<br>耽美画师、吗……？
58,,…………, …………
59,,書物に出て来る架空の騎士とか……<br>噂で聞いた遠い国の王子様とか……<br>そういうので、空想したことない？, 书本里的虚构骑士啊……<br>传闻说的遥远国度的王子之类的……<br>有没有想象过、这些事情？
60,,その個人的な空想を、<br>絵と文で表現したのが「絵物語」……, 把这种个人的想象、<br>用画和文字表达出来的「图画本」……
61,,特に男性の……は……<br>「耽美絵物語」と呼ばれてて……, 专门描写男性……间的……<br>就叫作「耽美图画本」……
62,,ふーん。<br>それを描いてんのが耽美絵師かぁ。<br>……世の中には色々あんだな。, 嗯。<br>专门画这些的就是耽美画师。<br>……这世上真是什么都有的呢。
63,,何よ、遠い目しちゃって。<br>……ふん、議論する気はないけど。, 什么啊、你这个眼神。<br>……哼、算了我也不想和你议论了。
64,,まぁまぁ……<br>でも、今まで見たことありません……<br>お店で売ってる物なんですか？, 好了好了……<br>不过、这些我都是今天第一次见到的啊……<br>这些有放在店里卖的吗？
65,,ううん……<br>特殊な趣向だし、個人的に作って、<br>近場の書店に置いてもらってるの。, 没有……<br>因为是特殊的兴趣、而且只是个人制作、<br>所以我只在附近的书店寄卖。
66,,……一冊も売れたことないけれど。, ……虽然一本也没有卖过出去。
67,,そりゃあ、そうだろ。<br>耽美って、キレイって意味だろ？<br>ルナールのはコワイんだよ。, 这也是、当然的吧。<br>耽美、就是美丽的意思吧？<br>露娜露你的画我只觉得恐怖。
68,,ク、クセなんだもん！<br>絵柄と趣味が一致しないのよ！, 这、是职业病啊！<br>画风和兴趣不合啊！
69,,わかってるもん……<br>向いてないってことは……, 我自己也知道啊……<br>我不适合画这些……
70,,そんな……, 怎会这样……
71,,はぁ……<br>このまま一生……<br>魔物を描いて生活するのかな……, 哈……<br>我会不会就这样……<br>一生都过着以画魔物维生的生活啊……
72,,う～ん……<br>そんなに悩んでんのかよ。<br>なんか上達する方法とかねぇのか？, 嗯……<br>你都这样苦恼了。<br>有没有什么能进步的方法啊？
73,,……上達の基本は、模写よ。<br>優れた作品を勉強して吸収するの。, ……进步的基本是、临摹啊。<br>学习优秀的作品然后吸收他的优点。
74,,でも耽美モノは概ね、個人販売。<br>その絵師の住む島にしか売ってないわ。<br>……そもそも入手できないのよ。, 不过耽美本大多是、个人贩卖。<br>只在画师自己居住的岛上卖的。<br>……所以基本上没有方法买到。
75,,うーん……<br>勉強に必要なのに……, 嗯……<br>但却是学习必要的……
76,,そうだ！<br>だったら私達と旅しませんか？<br>優れた絵物語を集めるんです！, 对了！<br>这样的话你要不要和我们一起旅行啊？<br>可以收集优秀的图画本哦！
77,,え……？<br>あなた達と……？<br>で、でも、いいの？, 欸……？<br>和你们一起……？<br>不、不过、可以吗？
77-sel1_txt,,<span class='scene-font-katari'>いいよ</span>,<span class='scene-font-katari'>可以啊</span>
77-sel2_txt,,<span class='scene-font-katari'>上達したら見せて</span>,<span class='scene-font-katari'>有进步要给我看</span>
78,,あ、ありがとう……<br>変わってるわね、あなた達……, 谢、谢谢你们……<br>真是群怪人呢、你们……
79,,ええっ……！？<br>それは、まぁ、考えさせて……, 欸欸……！？<br>这、嗯、让我考虑一下……
80,,へへっ！<br>でも、あんまり団員には見せんなよ。<br>刺激が強すぎるぜ。, 哈哈！<br>不过、不要让其他团员看太多啊。<br>这太过激了。
81,,すごい……<br>耽美モノが集められるなんて……, 厉害……<br>我没想过我可以去收集耽美本的……
82,,これは夢……？<br>なら一生、醒めないで……, 我在做梦吗……？<br>那我就一生、都不要醒好了……
83,,嗚呼……！<br>封印されし邪眼が疼いてきたわ！, 呜呼……！<br>被封印的邪眼开始隐隐作痛了！
84,,大丈夫ですか？<br>目が痛むなら、お医者さんに……, 你没事吧？<br>眼睛痛的话、要去找医生……
85,,うああっ！？<br>あ……ぅ……<br>封印されし……<span class='scene-font-1'>ドライアイ</span>……は平気よ。, 呃啊啊！？<br>啊……嗯……<br>被封印的……<span class='scene-font-1'>干眼症</span>……没事的
86,,<span class='scene-font-katari'>こうしてルナールは、</span><br><span class='scene-font-katari'>耽美絵物語を集めて勉強するため、</span><br><span class='scene-font-katari'>一行の仲間に加わった。</span>,<span class='scene-font-katari'>就这样露娜露、</span><br><span class='scene-font-katari'>为了收集和学习耽美图画本、</span><br><span class='scene-font-katari'>加入一行人了。</span>
87,,<span class='scene-font-katari'>果てなき旅路の中で、</span><br><span class='scene-font-katari'>彼女の空想は空より広がるのであった。</span>,<span class='scene-font-katari'>在这没有终点的旅途中、</span><br><span class='scene-font-katari'>她的妄想会变得比这个天空还要广大。<br><br>　　　　　　　　　　翻译:mirror0420</span>
info,,1,scene_fate_chr238_ep1
