id,name,detail
npc,圣德芬,3040153000
special,无限之光,<span class=prt-text-small>光属性伤害(特大)/审判之钟效果</span>
skill-1,孤身在天堂,<div class=prt-text-small>自身连击概率UP/防御UP(小)/反击効果(受到伤害时/5回)</div>
skill-2,日食,对敌人造成7倍光属性伤害/恢复自身HP
skill-2+,日食,对敌人造成8倍光属性伤害/恢复自身HP
skill-3,一人之力,全体成员的暴击概率UP/伤害提升
support-1,抗命,一定几率在回合开始时净化自身1项削弱效果
support-2,为了兑现约定,第一次无法战斗时以HP1继续战斗
skill-lb,LB技能,发动奥义时自身攻击UP(累积)
active,1,