id,en,jp,trans
0-chapter_name,,第3話 手も足も鉛のように,第3集像铅一样的手脚
0-synopsis,,里に現れたジェイドに島民達は苦渋の思いで武器を向ける。ウェルダーが暴れるジェイドの前で、必死に呼びかける。すると、ジェイドはウェルダーの声に反応するように、攻撃を止めて苦悶する。ウェルダーはジェイドに近寄ろうとするが、乱入したフェンリルに森まで蹴り飛ばされてしまう。フェンリルは、島民と姬塔達に敵意を剥き出しにし、人間はこの島から消え失せないと喰い殺すと言い放つのだった。,对于在村子里突然出现的翡翠石村民们怀着痛苦的心情准备向他投去武器。维尔达突然出现在翡翠石面前，拼命的呼唤着他。这时，翡翠石像是对着维尔达的呼唤起反应了一样，停下了攻击，当维尔达要靠近翡翠石的时候，突然出现的芬里尔把维尔达踢飞进了森林。芬里尔表现出对姬塔一行人的敌意，放言到如果人类不从这个岛上消失那么就要将他们全部杀死。
1,,<span class='scene-font-4'>ウオォォォォン！</span>,呜哦哦哦哦！
6,,<span class='scene-font-4'>う、うわぁ！？</span><br>水車が吹っ飛んじまった！,呜哇！？水车被打飞了！
7,,な、なんて事だい……<br>まさかこんなにも凶暴だなんて……！,怎，怎么会有这种事情......居然如此的狂暴......！
8,,女将さん達も急いで！<br>ルリアちゃんの誘導に従って下さい！,老板娘你们不要着急，请跟着露莉亚的引导离开这里！
9,,皆さん、こっちです……！,大家，来这边......！
10,,<span class='scene-font-katari'>突如として危機に陥る森の里。</span><br><span class='scene-font-katari'>無軌道な脅威に晒される中で、</span><br><span class='scene-font-katari'>ルリア達は島民の避難を支援するが……</span>,陷入突如其来危机的森の里。在何时都不知道会被袭击的情况下，露莉亚支援着岛民展开避难......
11,,おふたりも避難を！<br>このままでは危ないですぞ！,你们两个也赶快去避难！这样子很危险的！
12,,はい、あとちょっと……<br>里長さんは先に行って、<br>皆を勇気づけて貰えますか！？,好的，马上就好......村长先生先去吧？ ？
13,,<span class='scene-font-4'>オォォォォォッ！</span>,哦哦哦哦哦“！
14,,クソ……！<br>ここだここだぁ、オラを狙え！,可恶......！这里这里，对着我来啊！
15,,誰か、男衆を集めろ！<br>女子供の避難が済むまで弾幕を張るぞ！,有谁来，男人都集合过来！让我们组成队列让女人和小孩避难成功！
16,,組合長さん……！？<br>で、でも、あの子は──,工会长......！ ？但是，那孩子是──
17,,わかってる……！,我知道......！
18,,そんな事わかってるさ！,这种事情我也知道！
19,,だが、里を荒らされちゃあ……<br>オラ達の生活が懸かっちまってるんだ！,但是，他这样在村子里破坏......我们都会命悬一线的！
21,,組合長……！<br>男衆と武器を掻き集めたぞ！,工会长......！我们聚集了男人并且带来了武器！
22,,<span class='scene-font-4'>ウオォォォォン！</span>,呜哦哦哦哦哦！
23,,すまん……<br>怨むならオラを怨め……,对不起......要恨的话就恨我吧 ......
24,,<span class='scene-font-4'>発射用意、撃てぇ──</span>,准备发射，射击──
28,,<span class='scene-font-4'>待てッ！</span>,等下“！
29,,ウェルダー……！？,维尔达...... !! ？
30,,組合長！<br>ジェイドを傷つけるな、頼む！,工会长！拜托了，不要伤害翡翠石！
31,,無理だ……！<br>里のためにはやるしかないんだ！,不行的......！为了村子的话我别无选择！
32,,俺がなんとかする……！<br>なんとかしてみせるから──,我会设法做些什么......！我会来处理的──
33,,お前の事は信頼してるが……<br>その間に森が、里が、皆が！<br>この島が滅ぼされちまうんだよ！,我也想相信你啊......但是，这样下去，森林也好，村庄也好，大家也好，甚至是这个岛都会被毁灭啊！
34,,…………ッ！,............呜！
35,,納得しろ……とは言わん……<br>だが滅ぼされてからじゃあ遅い……！,我也想.....接受你的想法......但是当一切都毁灭的时候就太迟了......！
36,,だ、だが……！,但是，但是......！
39,,ぜぇ……はぁ……<br>やっと追いついたぜ！<br>ウェルダー、状況は──,咳......哈......总算是追上你了！维尔达，状况如何——
40,,<span class='scene-font-4'>うおぉぉぉッ！</span>,呜哦哦哦哦！
41,,んなッ！？<br>ど、どこに行こうってんだよ！,什么！ ？你要去哪里啊！
42,,た、大変です！<br>ジェイドちゃんの前に向かってます！,不，不好了！他朝着翡翠石面前跑过去了！
43,,なんてこと……<br>ど、どうするつもりなんでしょうか？,怎么会这样......你，你想要做什么？
44,,<span class='scene-font-4'>ウオォォォォン！</span>,呜噢噢噢噢！
45,,<span class='scene-font-4'>ジェイドッ！</span><br><span class='scene-font-4'>俺だ、ウェルダーだッ！</span>,翡翠石！是我啊，我是维尔达啊！
46,,オォォォ……！,噢噢噢...... !!
47,,<span class='scene-font-4'>思い出せッ！</span><br><span class='scene-font-4'>森で過ごした日々をッ！</span><br><span class='scene-font-4'>レンジャーの訓練をッ！</span>,快回想起来！我们在森林里渡过的时光！战士们一起做的训练！
48,,<span class='scene-font-4'>俺達の絆をッ……！</span>,想起我们之间的牵绊......！
49,,ウゥゥ……<br>ウオォォォォン──,呜......呜哦哦哦──
50,,危ねぇ、避けろぉ！？,危险，快躲开！ ？
56,,う……？,嗯...？
57,,…………,............
58,,<span class='scene-font-katari'>ジェイドの一撃は寸前で止まり、</span><br><span class='scene-font-katari'>宙に留まったまま静止していた。</span>,翡翠石的一击在击中前一寸停下了，就这样停留在了空中。
59,,な、なんだぁ……？<br>どうなっちまったんだよ……？,怎，怎么了......？发什么什么啊......？
60,,わ、わかりません……<br>でも、ピタリと止まってます……,我，我不知道......但是，一下子就停了下来......
61,,ウェルダー君の言葉に、<br>反応したという事でしょうか……？,这是对维尔达说说的话，产生了反应吗......？
62,,ジェイド……！<br>俺の言葉がわかるのか！？,翡翠石......你明白我的话吗！ ？
63,,ウ……ウゥ……,呜......呜......
64,,<span class='scene-font-4'>ウアァァァァ……！？</span>,呜啊啊啊啊啊......！ ？
65,,こ、この咆哮は……！？<br>初めて聞いたが、まるで……,这，这个咆哮是......！ ？我第一次听到这种声音，就像是......
66,,あ、ああ……！<br>動物達で言えば、苦痛とかそういう……,哦，啊......！对动物来说，就像是痛苦一样......
67,,どうしたんだ！<br>お前、まさか苦しんでいるのか……！？,怎么了！你，你难道感觉很痛苦吗......？！ ？
68,,待っていろ、俺が今──,在那里等着，我现在——
71,,<span class='scene-font-4'>触んな！</span>,不要碰！
75,,がはッ……！？,呜啊......！ ？
80,,ウェルダー君！？<br>た、大変です……！<br>森まで蹴り飛ばされて……,维尔达君！？不，不好了......！他被踢飞到了森林里面......
82,,消えろ……<br>人間は全員、この島から消え失せろ。,消失吧......你们这些人类都给我从这个岛上消失。
83,,さもねーと、<br><span class='scene-font-4'>このオレが喰い殺すッ！</span>,不这样的话，我就把你们全部杀死！
84,,フェンリルさん……！？<br>そんな、どうしてそんなこと……,芬里尔......！？怎么，为什么说出这种话......
info,,1,scene_evt170630_cp3_q2_s10