{"scene_evt140930_cp1_q1_s20":"番外篇-若き義勇の振るう剣/SideStory_wakaki_giyuu_1-1.csv","scene_evt140930_cp1_q2_s20":"番外篇-若き義勇の振るう剣/SideStory_wakaki_giyuu_1-2.csv","scene_evt140930_cp1_q3_s10":"番外篇-若き義勇の振るう剣/SideStory_wakaki_giyuu_1-3.csv","scene_evt140930_cp1_q4_s10":"番外篇-若き義勇の振るう剣/SideStory_wakaki_giyuu_1-4.csv","scene_evt140930_cp2_q1_s20":"番外篇-若き義勇の振るう剣/SideStory_wakaki_giyuu_2-1.csv","scene_evt140930_cp2_q2_s20":"番外篇-若き義勇の振るう剣/SideStory_wakaki_giyuu_2-2.csv","scene_evt140930_cp2_q3_s10":"番外篇-若き義勇の振るう剣/SideStory_wakaki_giyuu_2-3.csv","scene_evt140930_cp2_q4_s10":"番外篇-若き義勇の振るう剣/SideStory_wakaki_giyuu_2-4.csv","scene_evt140930_cp3_q1_s20":"番外篇-若き義勇の振るう剣/SideStory_wakaki_giyuu_3-1.csv","scene_evt140930_cp3_q2_s20":"番外篇-若き義勇の振るう剣/SideStory_wakaki_giyuu_3-2.csv","scene_evt140930_cp3_q3_s20":"番外篇-若き義勇の振るう剣/SideStory_wakaki_giyuu_3-3.csv","scene_evt140930_cp3_q4_s20":"番外篇-若き義勇の振るう剣/SideStory_wakaki_giyuu_3-4.csv","scene_evt140930_cp4_q1_s10":"番外篇-若き義勇の振るう剣/SideStory_wakaki_giyuu_4-1.csv","scene_evt140930_cp4_q2_s20":"番外篇-若き義勇の振るう剣/SideStory_wakaki_giyuu_4-2.csv","scene_evt140930_cp4_q3_s20":"番外篇-若き義勇の振るう剣/SideStory_wakaki_giyuu_4-3.csv","scene_evt140930_cp4_q4_s20":"番外篇-若き義勇の振るう剣/SideStory_wakaki_giyuu_4-4-1.csv","scene_evt140930_cp4_q4_s30":"番外篇-若き義勇の振るう剣/SideStory_wakaki_giyuu_4-4-2.csv","scene_evt140930_cp5_q1_s10":"番外篇-若き義勇の振るう剣/SideStory_wakaki_giyuu_5-1.csv","scene_evt140930_cp5_q2_s20":"番外篇-若き義勇の振るう剣/SideStory_wakaki_giyuu_5-2.csv","scene_evt140930_cp5_q3_s10":"番外篇-若き義勇の振るう剣/SideStory_wakaki_giyuu_5-3.csv","scene_evt140930_cp5_q4_s20":"番外篇-若き義勇の振るう剣/SideStory_wakaki_giyuu_5-4-1.csv","scene_evt140930_cp5_q4_s30":"番外篇-若き義勇の振るう剣/SideStory_wakaki_giyuu_5-4-2.csv","scene_evt140930_cp6_q1_s10":"番外篇-若き義勇の振るう剣/SideStory_wakaki_giyuu_6-1.csv","scene_evt140930_cp6_q2_s20":"番外篇-若き義勇の振るう剣/SideStory_wakaki_giyuu_6-2.csv","scene_evt140930_cp6_q3_s20":"番外篇-若き義勇の振るう剣/SideStory_wakaki_giyuu_6-3.csv","scene_evt140930_cp6_q4_s20":"番外篇-若き義勇の振るう剣/SideStory_wakaki_giyuu_6-4.csv","scene_evt140930_cp0_q2_s10":"番外篇-若き義勇の振るう剣/SideStory_wakaki_giyuu_ED.csv","scene_evt140930_cp0_q1_s10":"番外篇-若き義勇の振るう剣/SideStory_wakaki_giyuu_OP.csv","scene_tutorial00":"主线剧情-苍之少女篇/主线剧情-序章第1节.csv","scene_tutorial01":"主线剧情-苍之少女篇/主线剧情-序章第2节.csv","scene_tutorial02":"主线剧情-苍之少女篇/主线剧情-序章第3节.csv","scene_tutorial03":"主线剧情-苍之少女篇/主线剧情-序章第4节.csv","scene_cp10_q1_s10":"主线剧情-苍之少女篇/主线剧情-第10章第1节第1幕.csv","scene_cp10_q1_s20":"主线剧情-苍之少女篇/主线剧情-第10章第1节第2幕.csv","scene_cp10_q2_s10":"主线剧情-苍之少女篇/主线剧情-第10章第2节第1幕.csv","scene_cp10_q2_s20":"主线剧情-苍之少女篇/主线剧情-第10章第2节第2幕.csv","scene_cp10_q3_s10":"主线剧情-苍之少女篇/主线剧情-第10章第3节第1幕.csv","scene_cp10_q3_s20":"主线剧情-苍之少女篇/主线剧情-第10章第3节第2幕.csv","scene_cp10_q4_s10":"主线剧情-苍之少女篇/主线剧情-第10章第4节第1幕.csv","scene_cp10_q4_s20":"主线剧情-苍之少女篇/主线剧情-第10章第4节第2幕.csv","scene_cp10_q4_s30":"主线剧情-苍之少女篇/主线剧情-第10章第4节第3幕.csv","scene_cp11_q1_s10":"主线剧情-苍之少女篇/主线剧情-第11章第1节第1幕.csv","scene_cp11_q1_s20":"主线剧情-苍之少女篇/主线剧情-第11章第1节第2幕.csv","scene_cp11_q2_s10":"主线剧情-苍之少女篇/主线剧情-第11章第2节第1幕.csv","scene_cp11_q2_s20":"主线剧情-苍之少女篇/主线剧情-第11章第2节第2幕.csv","scene_cp11_q3_s10":"主线剧情-苍之少女篇/主线剧情-第11章第3节第1幕.csv","scene_cp11_q3_s20":"主线剧情-苍之少女篇/主线剧情-第11章第3节第2幕.csv","scene_cp11_q4_s10":"主线剧情-苍之少女篇/主线剧情-第11章第4节第1幕.csv","scene_cp11_q4_s20":"主线剧情-苍之少女篇/主线剧情-第11章第4节第2幕.csv","scene_cp11_q4_s30":"主线剧情-苍之少女篇/主线剧情-第11章第4节第3幕.csv","scene_cp12_q1_s10":"主线剧情-苍之少女篇/主线剧情-第12章第1节第1幕.csv","scene_cp12_q1_s20":"主线剧情-苍之少女篇/主线剧情-第12章第1节第2幕.csv","scene_cp12_q2_s10":"主线剧情-苍之少女篇/主线剧情-第12章第2节第1幕.csv","scene_cp12_q2_s20":"主线剧情-苍之少女篇/主线剧情-第12章第2节第2幕.csv","scene_cp12_q3_s10":"主线剧情-苍之少女篇/主线剧情-第12章第3节第1幕.csv","scene_cp12_q3_s20":"主线剧情-苍之少女篇/主线剧情-第12章第3节第2幕.csv","scene_cp12_q4_s10":"主线剧情-苍之少女篇/主线剧情-第12章第4节第1幕.csv","scene_cp12_q4_s20":"主线剧情-苍之少女篇/主线剧情-第12章第4节第2幕.csv","scene_cp12_q4_s30":"主线剧情-苍之少女篇/主线剧情-第12章第4节第3幕.csv","scene_cp13_q1_s10":"主线剧情-苍之少女篇/主线剧情-第13章第1节第1幕.csv","scene_cp13_q1_s20":"主线剧情-苍之少女篇/主线剧情-第13章第1节第2幕.csv","scene_cp13_q2_s10":"主线剧情-苍之少女篇/主线剧情-第13章第2节第1幕.csv","scene_cp13_q2_s20":"主线剧情-苍之少女篇/主线剧情-第13章第2节第2幕.csv","scene_cp13_q3_s10":"主线剧情-苍之少女篇/主线剧情-第13章第3节第1幕.csv","scene_cp13_q3_s20":"主线剧情-苍之少女篇/主线剧情-第13章第3节第2幕.csv","scene_cp13_q4_s10":"主线剧情-苍之少女篇/主线剧情-第13章第4节第1幕.csv","scene_cp13_q4_s20":"主线剧情-苍之少女篇/主线剧情-第13章第4节第2幕.csv","scene_cp13_q4_s30":"主线剧情-苍之少女篇/主线剧情-第13章第4节第3幕.csv","scene_cp14_q1_s10":"主线剧情-苍之少女篇/主线剧情-第14章第1节第1幕.csv","scene_cp14_q1_s20":"主线剧情-苍之少女篇/主线剧情-第14章第1节第2幕.csv","scene_cp14_q2_s10":"主线剧情-苍之少女篇/主线剧情-第14章第2节第1幕.csv","scene_cp14_q2_s20":"主线剧情-苍之少女篇/主线剧情-第14章第2节第2幕.csv","scene_cp14_q3_s10":"主线剧情-苍之少女篇/主线剧情-第14章第3节第1幕.csv","scene_cp14_q3_s20":"主线剧情-苍之少女篇/主线剧情-第14章第3节第2幕.csv","scene_cp14_q4_s10":"主线剧情-苍之少女篇/主线剧情-第14章第4节第1幕.csv","scene_cp14_q4_s20":"主线剧情-苍之少女篇/主线剧情-第14章第4节第2幕.csv","scene_cp14_q4_s30":"主线剧情-苍之少女篇/主线剧情-第14章第4节第3幕.csv","scene_cp15_q1_s10":"主线剧情-苍之少女篇/主线剧情-第15章第1节第1幕.csv","scene_cp15_q1_s20":"主线剧情-苍之少女篇/主线剧情-第15章第1节第2幕.csv","scene_cp15_q2_s10":"主线剧情-苍之少女篇/主线剧情-第15章第2节第1幕.csv","scene_cp15_q2_s20":"主线剧情-苍之少女篇/主线剧情-第15章第2节第2幕.csv","scene_cp15_q3_s10":"主线剧情-苍之少女篇/主线剧情-第15章第3节第1幕.csv","scene_cp15_q3_s20":"主线剧情-苍之少女篇/主线剧情-第15章第3节第2幕.csv","scene_cp15_q4_s20":"主线剧情-苍之少女篇/主线剧情-第15章第4节第2幕.csv","scene_cp15_q4_s30":"主线剧情-苍之少女篇/主线剧情-第15章第4节第3幕.csv","scene_cp16_q1_s10":"主线剧情-苍之少女篇/主线剧情-第16章第1节第1幕.csv","scene_cp16_q1_s20":"主线剧情-苍之少女篇/主线剧情-第16章第1节第2幕.csv","scene_cp16_q2_s10":"主线剧情-苍之少女篇/主线剧情-第16章第2节第1幕.csv","scene_cp16_q2_s20":"主线剧情-苍之少女篇/主线剧情-第16章第2节第2幕.csv","scene_cp16_q3_s10":"主线剧情-苍之少女篇/主线剧情-第16章第3节第1幕.csv","scene_cp16_q3_s20":"主线剧情-苍之少女篇/主线剧情-第16章第3节第2幕.csv","scene_cp16_q4_s10":"主线剧情-苍之少女篇/主线剧情-第16章第4节第1幕.csv","scene_cp16_q4_s20":"主线剧情-苍之少女篇/主线剧情-第16章第4节第2幕.csv","scene_cp16_q4_s30":"主线剧情-苍之少女篇/主线剧情-第16章第4节第3幕.csv","scene_cp17_q1_s10":"主线剧情-苍之少女篇/主线剧情-第17章第1节第1幕.csv","scene_cp17_q1_s20":"主线剧情-苍之少女篇/主线剧情-第17章第1节第2幕.csv","scene_cp17_q2_s10":"主线剧情-苍之少女篇/主线剧情-第17章第2节第1幕.csv","scene_cp17_q2_s20":"主线剧情-苍之少女篇/主线剧情-第17章第2节第2幕.csv","scene_cp17_q3_s10":"主线剧情-苍之少女篇/主线剧情-第17章第3节第1幕.csv","scene_cp17_q3_s20":"主线剧情-苍之少女篇/主线剧情-第17章第3节第2幕.csv","scene_cp17_q4_s10":"主线剧情-苍之少女篇/主线剧情-第17章第4节第1幕.csv","scene_cp17_q4_s20":"主线剧情-苍之少女篇/主线剧情-第17章第4节第2幕.csv","scene_cp17_q4_s30":"主线剧情-苍之少女篇/主线剧情-第17章第4节第3幕.csv","scene_cp18_q1_s10":"主线剧情-苍之少女篇/主线剧情-第18章第1节第1幕.csv","scene_cp18_q1_s20":"主线剧情-苍之少女篇/主线剧情-第18章第1节第2幕.csv","scene_cp18_q2_s10":"主线剧情-苍之少女篇/主线剧情-第18章第2节第1幕.csv","scene_cp18_q2_s20":"主线剧情-苍之少女篇/主线剧情-第18章第2节第2幕.csv","scene_cp18_q3_s10":"主线剧情-苍之少女篇/主线剧情-第18章第3节第1幕.csv","scene_cp18_q3_s20":"主线剧情-苍之少女篇/主线剧情-第18章第3节第2幕.csv","scene_cp18_q4_s10":"主线剧情-苍之少女篇/主线剧情-第18章第4节第1幕.csv","scene_cp18_q4_s20":"主线剧情-苍之少女篇/主线剧情-第18章第4节第2幕.csv","scene_cp18_q4_s30":"主线剧情-苍之少女篇/主线剧情-第18章第4节第3幕.csv","scene_cp19_q1_s20":"主线剧情-苍之少女篇/主线剧情-第19章第1节第2幕.csv","scene_cp19_q2_s10":"主线剧情-苍之少女篇/主线剧情-第19章第2节第1幕.csv","scene_cp19_q2_s20":"主线剧情-苍之少女篇/主线剧情-第19章第2节第2幕.csv","scene_cp19_q3_s10":"主线剧情-苍之少女篇/主线剧情-第19章第3节第1幕.csv","scene_cp19_q3_s20":"主线剧情-苍之少女篇/主线剧情-第19章第3节第2幕.csv","scene_cp19_q4_s20":"主线剧情-苍之少女篇/主线剧情-第19章第4节第2幕.csv","scene_cp19_q4_s30":"主线剧情-苍之少女篇/主线剧情-第19章第4节第3幕.csv","scene_tutorial_scene_cp1_q1_s10":"主线剧情-苍之少女篇/主线剧情-第1章第1节第1幕.csv","scene_cp1_q1_s20":"主线剧情-苍之少女篇/主线剧情-第1章第1节第2幕.csv","scene_cp1_q2_s10":"主线剧情-苍之少女篇/主线剧情-第1章第2节第1幕.csv","scene_cp1_q2_s20":"主线剧情-苍之少女篇/主线剧情-第1章第2节第2幕.csv","scene_cp1_q3_s10":"主线剧情-苍之少女篇/主线剧情-第1章第3节第1幕.csv","scene_cp1_q3_s20":"主线剧情-苍之少女篇/主线剧情-第1章第3节第2幕.csv","scene_cp1_q4_s10":"主线剧情-苍之少女篇/主线剧情-第1章第4节第1幕.csv","scene_cp1_q4_s20":"主线剧情-苍之少女篇/主线剧情-第1章第4节第2幕.csv","scene_cp1_q4_s30":"主线剧情-苍之少女篇/主线剧情-第1章第4节第3幕.csv","scene_cp20_q1_s10":"主线剧情-苍之少女篇/主线剧情-第20章第1节第1幕.csv","scene_cp20_q2_s20":"主线剧情-苍之少女篇/主线剧情-第20章第2节第2幕.csv","scene_cp20_q3_s20":"主线剧情-苍之少女篇/主线剧情-第20章第3节第2幕.csv","scene_cp20_q4_s10":"主线剧情-苍之少女篇/主线剧情-第20章第4节第1幕.csv","scene_cp20_q4_s20":"主线剧情-苍之少女篇/主线剧情-第20章第4节第2幕.csv","scene_cp20_q4_s30":"主线剧情-苍之少女篇/主线剧情-第20章第4节第3幕.csv","scene_cp21_q1_s10":"主线剧情-苍之少女篇/主线剧情-第21章第1节第1幕.csv","scene_cp21_q1_s20":"主线剧情-苍之少女篇/主线剧情-第21章第1节第2幕.csv","scene_cp21_q2_s10":"主线剧情-苍之少女篇/主线剧情-第21章第2节第1幕.csv","scene_cp21_q2_s20":"主线剧情-苍之少女篇/主线剧情-第21章第2节第2幕.csv","scene_cp21_q3_s10":"主线剧情-苍之少女篇/主线剧情-第21章第3节第1幕.csv","scene_cp21_q3_s20":"主线剧情-苍之少女篇/主线剧情-第21章第3节第2幕.csv","scene_cp21_q4_s10":"主线剧情-苍之少女篇/主线剧情-第21章第4节第1幕.csv","scene_cp21_q4_s20":"主线剧情-苍之少女篇/主线剧情-第21章第4节第2幕.csv","scene_cp21_q4_s30":"主线剧情-苍之少女篇/主线剧情-第21章第4节第3幕.csv","scene_cp22_q1_s10":"主线剧情-苍之少女篇/主线剧情-第22章第1节第1幕.csv","scene_cp22_q1_s20":"主线剧情-苍之少女篇/主线剧情-第22章第1节第2幕.csv","scene_cp22_q2_s10":"主线剧情-苍之少女篇/主线剧情-第22章第2节第1幕.csv","scene_cp22_q2_s20":"主线剧情-苍之少女篇/主线剧情-第22章第2节第2幕.csv","scene_cp22_q3_s10":"主线剧情-苍之少女篇/主线剧情-第22章第3节第1幕.csv","scene_cp22_q3_s20":"主线剧情-苍之少女篇/主线剧情-第22章第3节第2幕.csv","scene_cp22_q4_s10":"主线剧情-苍之少女篇/主线剧情-第22章第4节第1幕.csv","scene_cp22_q4_s20":"主线剧情-苍之少女篇/主线剧情-第22章第4节第2幕.csv","scene_cp22_q4_s30":"主线剧情-苍之少女篇/主线剧情-第22章第4节第3幕.csv","scene_cp23_q1_s10":"主线剧情-苍之少女篇/主线剧情-第23章第1节第1幕.csv","scene_cp23_q1_s20":"主线剧情-苍之少女篇/主线剧情-第23章第1节第2幕.csv","scene_cp23_q2_s10":"主线剧情-苍之少女篇/主线剧情-第23章第2节第1幕.csv","scene_cp23_q2_s20":"主线剧情-苍之少女篇/主线剧情-第23章第2节第2幕.csv","scene_cp23_q3_s10":"主线剧情-苍之少女篇/主线剧情-第23章第3节第1幕.csv","scene_cp23_q3_s20":"主线剧情-苍之少女篇/主线剧情-第23章第3节第2幕.csv","scene_cp23_q4_s10":"主线剧情-苍之少女篇/主线剧情-第23章第4节第1幕.csv","scene_cp23_q4_s20":"主线剧情-苍之少女篇/主线剧情-第23章第4节第2幕.csv","scene_cp23_q4_s30":"主线剧情-苍之少女篇/主线剧情-第23章第4节第3幕.csv","scene_cp24_q1_s10":"主线剧情-苍之少女篇/主线剧情-第24章第1节第1幕.csv","scene_cp24_q1_s20":"主线剧情-苍之少女篇/主线剧情-第24章第1节第2幕.csv","scene_cp24_q2_s10":"主线剧情-苍之少女篇/主线剧情-第24章第2节第1幕.csv","scene_cp24_q3_s10":"主线剧情-苍之少女篇/主线剧情-第24章第3节第1幕.csv","scene_cp24_q3_s20":"主线剧情-苍之少女篇/主线剧情-第24章第3节第2幕.csv","scene_cp24_q4_s10":"主线剧情-苍之少女篇/主线剧情-第24章第4节第1幕.csv","scene_cp24_q4_s30":"主线剧情-苍之少女篇/主线剧情-第24章第4节第3幕.csv","scene_cp25_q1_s10":"主线剧情-苍之少女篇/主线剧情-第25章第1节第1幕.csv","scene_cp25_q1_s20":"主线剧情-苍之少女篇/主线剧情-第25章第1节第2幕.csv","scene_cp25_q2_s10":"主线剧情-苍之少女篇/主线剧情-第25章第2节第1幕.csv","scene_cp25_q2_s20":"主线剧情-苍之少女篇/主线剧情-第25章第2节第2幕.csv","scene_cp25_q3_s10":"主线剧情-苍之少女篇/主线剧情-第25章第3节第1幕.csv","scene_cp25_q3_s20":"主线剧情-苍之少女篇/主线剧情-第25章第3节第2幕.csv","scene_cp25_q4_s10":"主线剧情-苍之少女篇/主线剧情-第25章第4节第1幕.csv","scene_cp25_q4_s20":"主线剧情-苍之少女篇/主线剧情-第25章第4节第2幕.csv","scene_cp25_q4_s30":"主线剧情-苍之少女篇/主线剧情-第25章第4节第3幕.csv","scene_cp26_q1_s10":"主线剧情-苍之少女篇/主线剧情-第26章第1节第1幕.csv","scene_cp26_q1_s20":"主线剧情-苍之少女篇/主线剧情-第26章第1节第2幕.csv","scene_cp26_q2_s10":"主线剧情-苍之少女篇/主线剧情-第26章第2节第1幕.csv","scene_cp26_q2_s20":"主线剧情-苍之少女篇/主线剧情-第26章第2节第2幕.csv","scene_cp26_q3_s10":"主线剧情-苍之少女篇/主线剧情-第26章第3节第1幕.csv","scene_cp26_q3_s20":"主线剧情-苍之少女篇/主线剧情-第26章第3节第2幕.csv","scene_cp26_q4_s10":"主线剧情-苍之少女篇/主线剧情-第26章第4节第1幕.csv","scene_cp26_q4_s20":"主线剧情-苍之少女篇/主线剧情-第26章第4节第2幕.csv","scene_cp26_q4_s30":"主线剧情-苍之少女篇/主线剧情-第26章第4节第3幕.csv","scene_cp27_q1_s10":"主线剧情-苍之少女篇/主线剧情-第27章第1节第1幕.csv","scene_cp27_q1_s20":"主线剧情-苍之少女篇/主线剧情-第27章第1节第2幕.csv","scene_cp27_q2_s10":"主线剧情-苍之少女篇/主线剧情-第27章第2节第1幕.csv","scene_cp27_q2_s20":"主线剧情-苍之少女篇/主线剧情-第27章第2节第2幕.csv","scene_cp27_q3_s10":"主线剧情-苍之少女篇/主线剧情-第27章第3节第1幕.csv","scene_cp27_q3_s20":"主线剧情-苍之少女篇/主线剧情-第27章第3节第2幕.csv","scene_cp27_q4_s10":"主线剧情-苍之少女篇/主线剧情-第27章第4节第1幕.csv","scene_cp27_q4_s20":"主线剧情-苍之少女篇/主线剧情-第27章第4节第2幕.csv","scene_cp27_q4_s30":"主线剧情-苍之少女篇/主线剧情-第27章第4节第3幕.csv","scene_cp28_q1_s10":"主线剧情-苍之少女篇/主线剧情-第28章第1节第1幕.csv","scene_cp28_q1_s20":"主线剧情-苍之少女篇/主线剧情-第28章第1节第2幕.csv","scene_cp28_q2_s10":"主线剧情-苍之少女篇/主线剧情-第28章第2节第1幕.csv","scene_cp28_q2_s20":"主线剧情-苍之少女篇/主线剧情-第28章第2节第2幕.csv","scene_cp28_q3_s10":"主线剧情-苍之少女篇/主线剧情-第28章第3节第1幕.csv","scene_cp28_q3_s20":"主线剧情-苍之少女篇/主线剧情-第28章第3节第2幕.csv","scene_cp28_q4_s10":"主线剧情-苍之少女篇/主线剧情-第28章第4节第1幕.csv","scene_cp28_q4_s20":"主线剧情-苍之少女篇/主线剧情-第28章第4节第2幕.csv","scene_cp28_q4_s30":"主线剧情-苍之少女篇/主线剧情-第28章第4节第3幕.csv","scene_cp29_q1_s10":"主线剧情-苍之少女篇/主线剧情-第29章第1节第1幕.csv","scene_cp29_q1_s20":"主线剧情-苍之少女篇/主线剧情-第29章第1节第2幕.csv","scene_cp29_q2_s10":"主线剧情-苍之少女篇/主线剧情-第29章第2节第1幕.csv","scene_cp29_q2_s20":"主线剧情-苍之少女篇/主线剧情-第29章第2节第2幕.csv","scene_cp29_q3_s10":"主线剧情-苍之少女篇/主线剧情-第29章第3节第1幕.csv","scene_cp29_q3_s20":"主线剧情-苍之少女篇/主线剧情-第29章第3节第2幕.csv","scene_cp29_q4_s10":"主线剧情-苍之少女篇/主线剧情-第29章第4节第1幕.csv","scene_cp29_q4_s20":"主线剧情-苍之少女篇/主线剧情-第29章第4节第2幕.csv","scene_cp29_q4_s30":"主线剧情-苍之少女篇/主线剧情-第29章第4节第3幕.csv","scene_cp2_q1_s10":"主线剧情-苍之少女篇/主线剧情-第2章第1节第1幕.csv","scene_cp2_q1_s20":"主线剧情-苍之少女篇/主线剧情-第2章第1节第2幕.csv","scene_cp2_q2_s10":"主线剧情-苍之少女篇/主线剧情-第2章第2节第1幕.csv","scene_cp2_q2_s20":"主线剧情-苍之少女篇/主线剧情-第2章第2节第2幕.csv","scene_cp2_q3_s10":"主线剧情-苍之少女篇/主线剧情-第2章第3节第1幕.csv","scene_cp2_q3_s20":"主线剧情-苍之少女篇/主线剧情-第2章第3节第2幕.csv","scene_cp2_q4_s10":"主线剧情-苍之少女篇/主线剧情-第2章第4节第1幕.csv","scene_cp2_q4_s20":"主线剧情-苍之少女篇/主线剧情-第2章第4节第2幕.csv","scene_cp2_q4_s30":"主线剧情-苍之少女篇/主线剧情-第2章第4节第3幕.csv","scene_cp30_q1_s10":"主线剧情-苍之少女篇/主线剧情-第30章第1节第1幕.csv","scene_cp30_q1_s20":"主线剧情-苍之少女篇/主线剧情-第30章第1节第2幕.csv","scene_cp30_q2_s10":"主线剧情-苍之少女篇/主线剧情-第30章第2节第1幕.csv","scene_cp30_q2_s20":"主线剧情-苍之少女篇/主线剧情-第30章第2节第2幕.csv","scene_cp30_q3_s10":"主线剧情-苍之少女篇/主线剧情-第30章第3节第1幕.csv","scene_cp30_q3_s20":"主线剧情-苍之少女篇/主线剧情-第30章第3节第2幕.csv","scene_cp30_q4_s10":"主线剧情-苍之少女篇/主线剧情-第30章第4节第1幕.csv","scene_cp30_q4_s20":"主线剧情-苍之少女篇/主线剧情-第30章第4节第2幕.csv","scene_cp30_q4_s30":"主线剧情-苍之少女篇/主线剧情-第30章第4节第3幕.csv","scene_cp31_q1_s10":"主线剧情-苍之少女篇/主线剧情-第31章第1节第1幕.csv","scene_cp31_q1_s20":"主线剧情-苍之少女篇/主线剧情-第31章第1节第2幕.csv","scene_cp31_q2_s10":"主线剧情-苍之少女篇/主线剧情-第31章第2节第1幕.csv","scene_cp31_q2_s20":"主线剧情-苍之少女篇/主线剧情-第31章第2节第2幕.csv","scene_cp31_q3_s10":"主线剧情-苍之少女篇/主线剧情-第31章第3节第1幕.csv","scene_cp31_q3_s20":"主线剧情-苍之少女篇/主线剧情-第31章第3节第2幕.csv","scene_cp31_q4_s10":"主线剧情-苍之少女篇/主线剧情-第31章第4节第1幕.csv","scene_cp31_q4_s20":"主线剧情-苍之少女篇/主线剧情-第31章第4节第2幕.csv","scene_cp31_q4_s30":"主线剧情-苍之少女篇/主线剧情-第31章第4节第3幕.csv","scene_cp32_q1_s10":"主线剧情-苍之少女篇/主线剧情-第32章第1节第1幕.csv","scene_cp32_q1_s20":"主线剧情-苍之少女篇/主线剧情-第32章第1节第2幕.csv","scene_cp32_q2_s10":"主线剧情-苍之少女篇/主线剧情-第32章第2节第1幕.csv","scene_cp32_q2_s20":"主线剧情-苍之少女篇/主线剧情-第32章第2节第2幕.csv","scene_cp32_q3_s10":"主线剧情-苍之少女篇/主线剧情-第32章第3节第1幕.csv","scene_cp32_q3_s20":"主线剧情-苍之少女篇/主线剧情-第32章第3节第2幕.csv","scene_cp32_q4_s10":"主线剧情-苍之少女篇/主线剧情-第32章第4节第1幕.csv","scene_cp32_q4_s20":"主线剧情-苍之少女篇/主线剧情-第32章第4节第2幕.csv","scene_cp32_q4_s30":"主线剧情-苍之少女篇/主线剧情-第32章第4节第3幕.csv","scene_cp33_q1_s10":"主线剧情-苍之少女篇/主线剧情-第33章第1节第1幕.csv","scene_cp33_q1_s20":"主线剧情-苍之少女篇/主线剧情-第33章第1节第2幕.csv","scene_cp33_q2_s10":"主线剧情-苍之少女篇/主线剧情-第33章第2节第1幕.csv","scene_cp33_q2_s20":"主线剧情-苍之少女篇/主线剧情-第33章第2节第2幕.csv","scene_cp33_q3_s10":"主线剧情-苍之少女篇/主线剧情-第33章第3节第1幕.csv","scene_cp33_q3_s20":"主线剧情-苍之少女篇/主线剧情-第33章第3节第2幕.csv","scene_cp33_q4_s10":"主线剧情-苍之少女篇/主线剧情-第33章第4节第1幕.csv","scene_cp33_q4_s20":"主线剧情-苍之少女篇/主线剧情-第33章第4节第2幕.csv","scene_cp33_q4_s30":"主线剧情-苍之少女篇/主线剧情-第33章第4节第3幕.csv","scene_cp34_q1_s10":"主线剧情-苍之少女篇/主线剧情-第34章第1节第1幕.csv","scene_cp34_q1_s20":"主线剧情-苍之少女篇/主线剧情-第34章第1节第2幕.csv","scene_cp34_q2_s10":"主线剧情-苍之少女篇/主线剧情-第34章第2节第1幕.csv","scene_cp34_q2_s20":"主线剧情-苍之少女篇/主线剧情-第34章第2节第2幕.csv","scene_cp34_q3_s10":"主线剧情-苍之少女篇/主线剧情-第34章第3节第1幕.csv","scene_cp34_q3_s20":"主线剧情-苍之少女篇/主线剧情-第34章第3节第2幕.csv","scene_cp34_q4_s10":"主线剧情-苍之少女篇/主线剧情-第34章第4节第1幕.csv","scene_cp34_q4_s20":"主线剧情-苍之少女篇/主线剧情-第34章第4节第2幕.csv","scene_cp34_q4_s30":"主线剧情-苍之少女篇/主线剧情-第34章第4节第3幕.csv","scene_cp35_q1_s10":"主线剧情-苍之少女篇/主线剧情-第35章第1节第1幕.csv","scene_cp35_q1_s20":"主线剧情-苍之少女篇/主线剧情-第35章第1节第2幕.csv","scene_cp35_q2_s10":"主线剧情-苍之少女篇/主线剧情-第35章第2节第1幕.csv","scene_cp35_q2_s20":"主线剧情-苍之少女篇/主线剧情-第35章第2节第2幕.csv","scene_cp35_q3_s10":"主线剧情-苍之少女篇/主线剧情-第35章第3节第1幕.csv","scene_cp35_q3_s20":"主线剧情-苍之少女篇/主线剧情-第35章第3节第2幕.csv","scene_cp35_q4_s10":"主线剧情-苍之少女篇/主线剧情-第35章第4节第1幕.csv","scene_cp35_q4_s20":"主线剧情-苍之少女篇/主线剧情-第35章第4节第2幕.csv","scene_cp35_q4_s30":"主线剧情-苍之少女篇/主线剧情-第35章第4节第3幕.csv","scene_cp36_q1_s10":"主线剧情-苍之少女篇/主线剧情-第36章第1节第1幕.csv","scene_cp36_q1_s20":"主线剧情-苍之少女篇/主线剧情-第36章第1节第2幕.csv","scene_cp36_q2_s10":"主线剧情-苍之少女篇/主线剧情-第36章第2节第1幕.csv","scene_cp36_q2_s20":"主线剧情-苍之少女篇/主线剧情-第36章第2节第2幕.csv","scene_cp36_q3_s10":"主线剧情-苍之少女篇/主线剧情-第36章第3节第1幕.csv","scene_cp36_q3_s20":"主线剧情-苍之少女篇/主线剧情-第36章第3节第2幕.csv","scene_cp36_q4_s10":"主线剧情-苍之少女篇/主线剧情-第36章第4节第1幕.csv","scene_cp36_q4_s20":"主线剧情-苍之少女篇/主线剧情-第36章第4节第2幕.csv","scene_cp36_q4_s30":"主线剧情-苍之少女篇/主线剧情-第36章第4节第3幕.csv","scene_cp37_q1_s10":"主线剧情-苍之少女篇/主线剧情-第37章第1节第1幕.csv","scene_cp37_q1_s20":"主线剧情-苍之少女篇/主线剧情-第37章第1节第2幕.csv","scene_cp37_q2_s10":"主线剧情-苍之少女篇/主线剧情-第37章第2节第1幕.csv","scene_cp37_q2_s20":"主线剧情-苍之少女篇/主线剧情-第37章第2节第2幕.csv","scene_cp37_q3_s10":"主线剧情-苍之少女篇/主线剧情-第37章第3节第1幕.csv","scene_cp37_q3_s20":"主线剧情-苍之少女篇/主线剧情-第37章第3节第2幕.csv","scene_cp37_q4_s10":"主线剧情-苍之少女篇/主线剧情-第37章第4节第1幕.csv","scene_cp37_q4_s20":"主线剧情-苍之少女篇/主线剧情-第37章第4节第2幕.csv","scene_cp37_q4_s30":"主线剧情-苍之少女篇/主线剧情-第37章第4节第3幕.csv","scene_cp38_q1_s10":"主线剧情-苍之少女篇/主线剧情-第38章第1节第1幕.csv","scene_cp38_q1_s20":"主线剧情-苍之少女篇/主线剧情-第38章第1节第2幕.csv","scene_cp38_q2_s10":"主线剧情-苍之少女篇/主线剧情-第38章第2节第1幕.csv","scene_cp38_q2_s20":"主线剧情-苍之少女篇/主线剧情-第38章第2节第2幕.csv","scene_cp38_q3_s10":"主线剧情-苍之少女篇/主线剧情-第38章第3节第1幕.csv","scene_cp38_q3_s20":"主线剧情-苍之少女篇/主线剧情-第38章第3节第2幕.csv","scene_cp38_q4_s10":"主线剧情-苍之少女篇/主线剧情-第38章第4节第1幕.csv","scene_cp38_q4_s20":"主线剧情-苍之少女篇/主线剧情-第38章第4节第2幕.csv","scene_cp38_q4_s30":"主线剧情-苍之少女篇/主线剧情-第38章第4节第3幕.csv","scene_cp39_q1_s10":"主线剧情-苍之少女篇/主线剧情-第39章第1节第1幕.csv","scene_cp39_q1_s20":"主线剧情-苍之少女篇/主线剧情-第39章第1节第2幕.csv","scene_cp39_q2_s10":"主线剧情-苍之少女篇/主线剧情-第39章第2节第1幕.csv","scene_cp39_q2_s20":"主线剧情-苍之少女篇/主线剧情-第39章第2节第2幕.csv","scene_cp39_q3_s10":"主线剧情-苍之少女篇/主线剧情-第39章第3节第1幕.csv","scene_cp39_q3_s20":"主线剧情-苍之少女篇/主线剧情-第39章第3节第2幕.csv","scene_cp39_q4_s10":"主线剧情-苍之少女篇/主线剧情-第39章第4节第1幕.csv","scene_cp39_q4_s20":"主线剧情-苍之少女篇/主线剧情-第39章第4节第2幕.csv","scene_cp39_q4_s30":"主线剧情-苍之少女篇/主线剧情-第39章第4节第3幕.csv","scene_cp3_q1_s10":"主线剧情-苍之少女篇/主线剧情-第3章第1节第1幕.csv","scene_cp3_q1_s20":"主线剧情-苍之少女篇/主线剧情-第3章第1节第2幕.csv","scene_cp3_q2_s10":"主线剧情-苍之少女篇/主线剧情-第3章第2节第1幕.csv","scene_cp3_q2_s20":"主线剧情-苍之少女篇/主线剧情-第3章第2节第2幕.csv","scene_cp3_q3_s10":"主线剧情-苍之少女篇/主线剧情-第3章第3节第1幕.csv","scene_cp3_q3_s20":"主线剧情-苍之少女篇/主线剧情-第3章第3节第2幕.csv","scene_cp3_q4_s10":"主线剧情-苍之少女篇/主线剧情-第3章第4节第1幕.csv","scene_cp3_q4_s20":"主线剧情-苍之少女篇/主线剧情-第3章第4节第2幕.csv","scene_cp3_q4_s30":"主线剧情-苍之少女篇/主线剧情-第3章第4节第3幕.csv","scene_cp40_q1_s10":"主线剧情-苍之少女篇/主线剧情-第40章第1节第1幕.csv","scene_cp40_q1_s20":"主线剧情-苍之少女篇/主线剧情-第40章第1节第2幕.csv","scene_cp40_q2_s10":"主线剧情-苍之少女篇/主线剧情-第40章第2节第1幕.csv","scene_cp40_q2_s20":"主线剧情-苍之少女篇/主线剧情-第40章第2节第2幕.csv","scene_cp40_q3_s10":"主线剧情-苍之少女篇/主线剧情-第40章第3节第1幕.csv","scene_cp40_q3_s20":"主线剧情-苍之少女篇/主线剧情-第40章第3节第2幕.csv","scene_cp40_q3_s30":"主线剧情-苍之少女篇/主线剧情-第40章第3节第3幕.csv","scene_cp40_q4_s10":"主线剧情-苍之少女篇/主线剧情-第40章第4节第1幕.csv","scene_cp40_q4_s20":"主线剧情-苍之少女篇/主线剧情-第40章第4节第2幕.csv","scene_cp40_q4_s30":"主线剧情-苍之少女篇/主线剧情-第40章第4节第3幕.csv","scene_cp41_q1_s10":"主线剧情-苍之少女篇/主线剧情-第41章第1节第1幕.csv","scene_cp41_q2_s10":"主线剧情-苍之少女篇/主线剧情-第41章第2节第1幕.csv","scene_cp41_q3_s10":"主线剧情-苍之少女篇/主线剧情-第41章第3节第1幕.csv","scene_cp41_q4_s10":"主线剧情-苍之少女篇/主线剧情-第41章第4节第1幕.csv","scene_cp41_q4_s20":"主线剧情-苍之少女篇/主线剧情-第41章第4节第2幕.csv","scene_cp41_q4_s30":"主线剧情-苍之少女篇/主线剧情-第41章第4节第3幕.csv","scene_cp42_q1_s10":"主线剧情-苍之少女篇/主线剧情-第42章第1节第1幕.csv","scene_cp42_q2_s10":"主线剧情-苍之少女篇/主线剧情-第42章第2节第1幕.csv","scene_cp42_q2_s20":"主线剧情-苍之少女篇/主线剧情-第42章第2节第2幕.csv","scene_cp42_q3_s10":"主线剧情-苍之少女篇/主线剧情-第42章第3节第1幕.csv","scene_cp42_q3_s20":"主线剧情-苍之少女篇/主线剧情-第42章第3节第2幕.csv","scene_cp42_q4_s10":"主线剧情-苍之少女篇/主线剧情-第42章第4节第1幕.csv","scene_cp42_q4_s20":"主线剧情-苍之少女篇/主线剧情-第42章第4节第2幕.csv","scene_cp42_q4_s30":"主线剧情-苍之少女篇/主线剧情-第42章第4节第3幕.csv","scene_cp43_q1_s10":"主线剧情-苍之少女篇/主线剧情-第43章第1节第1幕.csv","scene_cp43_q2_s10":"主线剧情-苍之少女篇/主线剧情-第43章第2节第1幕.csv","scene_cp43_q2_s20":"主线剧情-苍之少女篇/主线剧情-第43章第2节第2幕.csv","scene_cp43_q3_s10":"主线剧情-苍之少女篇/主线剧情-第43章第3节第1幕.csv","scene_cp43_q3_s20":"主线剧情-苍之少女篇/主线剧情-第43章第3节第2幕.csv","scene_cp43_q4_s10":"主线剧情-苍之少女篇/主线剧情-第43章第4节第1幕.csv","scene_cp44_q1_s10":"主线剧情-苍之少女篇/主线剧情-第44章第1节第1幕.csv","scene_cp44_q2_s10":"主线剧情-苍之少女篇/主线剧情-第44章第2节第1幕.csv","scene_cp44_q2_s20":"主线剧情-苍之少女篇/主线剧情-第44章第2节第2幕.csv","scene_cp44_q3_s10":"主线剧情-苍之少女篇/主线剧情-第44章第3节第1幕.csv","scene_cp44_q3_s20":"主线剧情-苍之少女篇/主线剧情-第44章第3节第2幕.csv","scene_cp44_q4_s10":"主线剧情-苍之少女篇/主线剧情-第44章第4节第1幕.csv","scene_cp44_q4_s30":"主线剧情-苍之少女篇/主线剧情-第44章第4节第3幕.csv","scene_cp45_q1_s10":"主线剧情-苍之少女篇/主线剧情-第45章第1节第1幕.csv","scene_cp45_q2_s10":"主线剧情-苍之少女篇/主线剧情-第45章第2节第1幕.csv","scene_cp45_q2_s20":"主线剧情-苍之少女篇/主线剧情-第45章第2节第2幕.csv","scene_cp45_q3_s10":"主线剧情-苍之少女篇/主线剧情-第45章第3节第1幕.csv","scene_cp45_q4_s10":"主线剧情-苍之少女篇/主线剧情-第45章第4节第1幕.csv","scene_cp45_q4_s20":"主线剧情-苍之少女篇/主线剧情-第45章第4节第2幕.csv","scene_cp45_q4_s30":"主线剧情-苍之少女篇/主线剧情-第45章第4节第3幕.csv","scene_cp46_q1_s10":"主线剧情-苍之少女篇/主线剧情-第46章第1节第1幕.csv","scene_cp46_q1_s20":"主线剧情-苍之少女篇/主线剧情-第46章第1节第2幕.csv","scene_cp46_q2_s10":"主线剧情-苍之少女篇/主线剧情-第46章第2节第1幕.csv","scene_cp46_q3_s10":"主线剧情-苍之少女篇/主线剧情-第46章第3节第1幕.csv","scene_cp46_q4_s10":"主线剧情-苍之少女篇/主线剧情-第46章第4节第1幕.csv","scene_cp46_q4_s30":"主线剧情-苍之少女篇/主线剧情-第46章第4节第3幕.csv","scene_cp47_q1_s10":"主线剧情-苍之少女篇/主线剧情-第47章第1节第1幕.csv","scene_cp47_q1_s20":"主线剧情-苍之少女篇/主线剧情-第47章第1节第2幕.csv","scene_cp47_q2_s10":"主线剧情-苍之少女篇/主线剧情-第47章第2节第1幕.csv","scene_cp47_q2_s20":"主线剧情-苍之少女篇/主线剧情-第47章第2节第2幕.csv","scene_cp47_q3_s20":"主线剧情-苍之少女篇/主线剧情-第47章第3节第2幕.csv","scene_cp47_q4_s20":"主线剧情-苍之少女篇/主线剧情-第47章第4节第2幕.csv","scene_cp47_q4_s30":"主线剧情-苍之少女篇/主线剧情-第47章第4节第3幕.csv","scene_cp48_q1_s10":"主线剧情-苍之少女篇/主线剧情-第48章第1节第1幕.csv","scene_cp48_q1_s20":"主线剧情-苍之少女篇/主线剧情-第48章第1节第2幕.csv","scene_cp48_q2_s20":"主线剧情-苍之少女篇/主线剧情-第48章第2节第2幕.csv","scene_cp48_q3_s20":"主线剧情-苍之少女篇/主线剧情-第48章第3节第2幕.csv","scene_cp48_q4_s10":"主线剧情-苍之少女篇/主线剧情-第48章第4节第1幕.csv","scene_cp48_q4_s20":"主线剧情-苍之少女篇/主线剧情-第48章第4节第2幕.csv","scene_cp48_q4_s30":"主线剧情-苍之少女篇/主线剧情-第48章第4节第3幕.csv","scene_cp49_q1_s10":"主线剧情-苍之少女篇/主线剧情-第49章第1节第1幕.csv","scene_cp49_q2_s10":"主线剧情-苍之少女篇/主线剧情-第49章第2节第1幕.csv","scene_cp49_q2_s20":"主线剧情-苍之少女篇/主线剧情-第49章第2节第2幕.csv","scene_cp49_q3_s20":"主线剧情-苍之少女篇/主线剧情-第49章第3节第2幕.csv","scene_cp49_q4_s20":"主线剧情-苍之少女篇/主线剧情-第49章第4节第2幕.csv","scene_cp49_q4_s30":"主线剧情-苍之少女篇/主线剧情-第49章第4节第3幕.csv","scene_cp4_q1_s10":"主线剧情-苍之少女篇/主线剧情-第4章第1节第1幕.csv","scene_cp4_q1_s20":"主线剧情-苍之少女篇/主线剧情-第4章第1节第2幕.csv","scene_cp4_q2_s10":"主线剧情-苍之少女篇/主线剧情-第4章第2节第1幕.csv","scene_cp4_q2_s20":"主线剧情-苍之少女篇/主线剧情-第4章第2节第2幕.csv","scene_cp4_q3_s10":"主线剧情-苍之少女篇/主线剧情-第4章第3节第1幕.csv","scene_cp4_q3_s20":"主线剧情-苍之少女篇/主线剧情-第4章第3节第2幕.csv","scene_cp4_q4_s10":"主线剧情-苍之少女篇/主线剧情-第4章第4节第1幕.csv","scene_cp4_q4_s20":"主线剧情-苍之少女篇/主线剧情-第4章第4节第2幕.csv","scene_cp4_q4_s30":"主线剧情-苍之少女篇/主线剧情-第4章第4节第3幕.csv","scene_cp5_q1_s10":"主线剧情-苍之少女篇/主线剧情-第5章第1节第1幕.csv","scene_cp5_q1_s20":"主线剧情-苍之少女篇/主线剧情-第5章第1节第2幕.csv","scene_cp5_q2_s10":"主线剧情-苍之少女篇/主线剧情-第5章第2节第1幕.csv","scene_cp5_q3_s10":"主线剧情-苍之少女篇/主线剧情-第5章第3节第1幕.csv","scene_cp5_q3_s20":"主线剧情-苍之少女篇/主线剧情-第5章第3节第2幕.csv","scene_cp5_q4_s10":"主线剧情-苍之少女篇/主线剧情-第5章第4节第1幕.csv","scene_cp5_q4_s20":"主线剧情-苍之少女篇/主线剧情-第5章第4节第2幕.csv","scene_cp5_q4_s30":"主线剧情-苍之少女篇/主线剧情-第5章第4节第3幕.csv","scene_cp6_q1_s10":"主线剧情-苍之少女篇/主线剧情-第6章第1节第1幕.csv","scene_cp6_q1_s20":"主线剧情-苍之少女篇/主线剧情-第6章第1节第2幕.csv","scene_cp6_q2_s10":"主线剧情-苍之少女篇/主线剧情-第6章第2节第1幕.csv","scene_cp6_q2_s20":"主线剧情-苍之少女篇/主线剧情-第6章第2节第2幕.csv","scene_cp6_q3_s10":"主线剧情-苍之少女篇/主线剧情-第6章第3节第1幕.csv","scene_cp6_q3_s20":"主线剧情-苍之少女篇/主线剧情-第6章第3节第2幕.csv","scene_cp6_q4_s10":"主线剧情-苍之少女篇/主线剧情-第6章第4节第1幕.csv","scene_cp6_q4_s20":"主线剧情-苍之少女篇/主线剧情-第6章第4节第2幕.csv","scene_cp6_q4_s30":"主线剧情-苍之少女篇/主线剧情-第6章第4节第3幕.csv","scene_cp7_q1_s10":"主线剧情-苍之少女篇/主线剧情-第7章第1节第1幕.csv","scene_cp7_q1_s20":"主线剧情-苍之少女篇/主线剧情-第7章第1节第2幕.csv","scene_cp7_q2_s10":"主线剧情-苍之少女篇/主线剧情-第7章第2节第1幕.csv","scene_cp7_q2_s20":"主线剧情-苍之少女篇/主线剧情-第7章第2节第2幕.csv","scene_cp7_q3_s10":"主线剧情-苍之少女篇/主线剧情-第7章第3节第1幕.csv","scene_cp7_q3_s20":"主线剧情-苍之少女篇/主线剧情-第7章第3节第2幕.csv","scene_cp7_q4_s10":"主线剧情-苍之少女篇/主线剧情-第7章第4节第1幕.csv","scene_cp7_q4_s20":"主线剧情-苍之少女篇/主线剧情-第7章第4节第2幕.csv","scene_cp7_q4_s30":"主线剧情-苍之少女篇/主线剧情-第7章第4节第3幕.csv","scene_cp8_q1_s10":"主线剧情-苍之少女篇/主线剧情-第8章第1节第1幕.csv","scene_cp8_q1_s20":"主线剧情-苍之少女篇/主线剧情-第8章第1节第2幕.csv","scene_cp8_q2_s10":"主线剧情-苍之少女篇/主线剧情-第8章第2节第1幕.csv","scene_cp8_q2_s20":"主线剧情-苍之少女篇/主线剧情-第8章第2节第2幕.csv","scene_cp8_q3_s10":"主线剧情-苍之少女篇/主线剧情-第8章第3节第1幕.csv","scene_cp8_q3_s20":"主线剧情-苍之少女篇/主线剧情-第8章第3节第2幕.csv","scene_cp8_q4_s10":"主线剧情-苍之少女篇/主线剧情-第8章第4节第1幕.csv","scene_cp8_q4_s20":"主线剧情-苍之少女篇/主线剧情-第8章第4节第2幕.csv","scene_cp8_q4_s30":"主线剧情-苍之少女篇/主线剧情-第8章第4节第3幕.csv","scene_cp9_q1_s10":"主线剧情-苍之少女篇/主线剧情-第9章第1节第1幕.csv","scene_cp9_q1_s20":"主线剧情-苍之少女篇/主线剧情-第9章第1节第2幕.csv","scene_cp9_q2_s10":"主线剧情-苍之少女篇/主线剧情-第9章第2节第1幕.csv","scene_cp9_q2_s20":"主线剧情-苍之少女篇/主线剧情-第9章第2节第2幕.csv","scene_cp9_q3_s10":"主线剧情-苍之少女篇/主线剧情-第9章第3节第1幕.csv","scene_cp9_q3_s20":"主线剧情-苍之少女篇/主线剧情-第9章第3节第2幕.csv","scene_cp9_q4_s10":"主线剧情-苍之少女篇/主线剧情-第9章第4节第1幕.csv","scene_cp9_q4_s20":"主线剧情-苍之少女篇/主线剧情-第9章第4节第2幕.csv","scene_cp9_q4_s30":"主线剧情-苍之少女篇/主线剧情-第9章第4节第3幕.csv","scene_fate_chr095_ep1":"角色剧情-兰斯洛特/角色剧情-兰斯洛特-讨伐前夜.csv","scene_chr446_q1_s10":"角色剧情-圣德芬/角色剧情-圣德芬-跨越两千年的思念-幕1.csv","scene_chr446_q2_s10":"角色剧情-圣德芬/角色剧情-圣德芬-跨越两千年的思念-幕2.csv","scene_chr446_q3_s10":"角色剧情-圣德芬/角色剧情-圣德芬-跨越两千年的思念-幕3.csv","scene_chr446_q3_s20":"角色剧情-圣德芬/角色剧情-圣德芬-跨越两千年的思念-幕4.csv","scene_fate_chr448_ep1":"角色剧情-巴洛瓦/角色剧情-巴洛瓦-真相不止一个.csv","scene_fate_chr433_ep1":"角色剧情-瓦姬拉/角色剧情-瓦姬拉-西北西的守护神.csv","scene_fate_chr238_ep1":"角色剧情-露娜露/角色剧情_露娜露R_fate.csv"}
