id,name,detail
npc,齐格飞,3040025000
special,漆黑之爪,土属性伤害(特大)/对Break状态的敌人产生额外伤害（终突后追伤不限Break状态的敌人）
skill-1,指导者,对敌方单体造成土属性伤害/减免自身受到的水属性伤害(20%)
skill-1+,指导者,对敌方单体造成土属性伤害/减免自身受到的水属性伤害(20%)
skill-1++,指导者,对敌方单体造成土属性伤害/减免自我方全体受到的水属性伤害(20%)
skill-2,计谋,自身攻击UP(特大)/防御DOWN
skill-2+,计谋,自身攻击UP(特大)/防御DOWN
skill-2++,计谋,自身攻击UP(特大)/防御UP
skill-3,狂化,吸收敌方的mode条转化为自身的奥义值
skill-3+,狂化,吸收敌方的mode条转化为自身的奥义值/二连击率UP
support-1,龙血,普攻时极小概率按对敌人造成的伤害回复自身HP
skill-lb,LB技能,水属性伤害减轻
active,1,