id,en,jp,trans
0-chapter_name,,第4章　決戦、嵐の守護神,第4章  决战  狂风守护神
0-synopsis,,嵐の中を進む<span>姬塔</span>一行の前に、道を阻むように、再び帝国兵が立ちふさがる。,<span>姬塔</span>一行在暴风雨中前进，但帝国士兵再次挡住他们的去路。
0,,"ちっ……<br>
帝国の連中も<br>
まだ俺達を邪魔するつもりみてぇだな。",切……看来帝国那群人还想妨碍我们啊。
1,,"魔物を倒したと思ったら、<br>
今度は帝国の兵士か……！",才刚解决完魔兽，又来了帝国兵么……！
2,,"しつこいというか……<br>
仕事熱心というか……",他们真烦人啊……也能说是工作认真……
3,,"<span class='scene-font-place'>エルステ帝国</span>では、<br>
上官の命令は絶対だからな。",毕竟在<span class='scene-font-place'>埃尔斯特帝国</span>，上级命令是绝对的。
5,,"帝国の兵士よ……<br>
私怨はないが、私達も退けないんだ。<br>
手加減は期待するなよ……！",帝国的士兵啊……我与你们没有私怨，但我们也不能退让。不要期待我手下留情……！
info,,1,scene_cp4_q1_s20
备注,,,ver-1: @煌月夜 2018/4/4