id,en,jp,trans
0-chapter_name,,二千年越しの想い,跨越两千年的思念
0-synopsis,,サンダルフォンは手に入れた実から珈琲豆を作り、姬塔達へ珈琲をふるまう。出来上がった珈琲を飲んだサンダルフォンはその味に衝撃を受けると共に、ルシフェルに珈琲を淹れてもらい、語らいながら飲んだひと時を思い出す。同じように珈琲を楽しみ、団欒する姬塔達とサンダルフォンの心の距離は、少しずつ近づいていくのだった。,用树上收获的咖啡豆，圣德芬为骑空团的大家做了咖啡。只是小小的一口咖啡就足以让他回忆起过去和路西菲尔一起度过的快乐时光。这段经历迅速拉近了圣德芬和骑空团的距离。
1,,"<span class='scene-font-katari'>始源の珈琲の木から</span><br>
<span class='scene-font-katari'>奇跡的に赤い木の実を採集した</span><br>
<span class='scene-font-katari'>姬塔達。</span>",一行人从树上采集了奇迹的真红果实。
2,,"<span class='scene-font-katari'>その後、木の実はサンダルフォンの</span><br>
<span class='scene-font-katari'>手によって丁寧に下処理をされて、</span><br>
<span class='scene-font-katari'>焙煎された珈琲豆として完成する。</span>",之后，果实经圣德芬之手，被仔细地处理、烘培后，成为了咖啡豆。
6,,"<span class='scene-font-katari'>サンダルフォンに呼び出された</span><br>
<span class='scene-font-katari'>姬塔達は、台所に集まって</span><br>
<span class='scene-font-katari'>珈琲を淹れる準備をしていた。</span>",团长一行人被圣德芬叫到厨房，开始准备泡咖啡。
7,,"……俺が手間暇かけて作った珈琲豆を<br>
ここで台無しにされたら困るからな。",......我费时费力做出来的咖啡豆，如果在这里被糟蹋了就完了。
8,,珈琲を淹れるのは俺に任せてくれ。,就让我泡咖啡吧。
9,,"はいっ、お願いします！<br>
サンダルフォンさん！",好，拜托了哦！圣德芬先生！
10,,"へへっ！<br>
とうとうサンダルフォンの<br>
淹れた珈琲が飲めるんだな！",嘿嘿！越来越想喝圣德芬泡的咖啡了呢！
11,,では……行くぞ。,那么，开始了。
12,,"<span class='scene-font-katari'>姬塔達の目の前で</span><br>
<span class='scene-font-katari'>珈琲豆を挽いていく</span><br>
<span class='scene-font-katari'>サンダルフォン。</span>",圣德芬在团长面前磨着咖啡豆。
13,,"<span class='scene-font-katari'>辺りには挽きたての珈琲粉の</span><br>
<span class='scene-font-katari'>芳醇な香りが立ち込める。</span>",周围环绕着磨成的咖啡粉芳醇的香味。
14,,"うわぁ～！<br>
なんだか甘くて不思議な香りです～",呜哇！有种甜甜的、不可思议的香味呢~
15,,"挽きたての珈琲豆ってこんなに<br>
いい匂いがするんだな～！",磨好的咖啡豆居然能有这么好闻的香味呢~
16,,"珈琲豆は挽きたてが<br>
一番美味しいからな。",磨的咖啡豆是最美味的呢。
17,,"さぁ、ここからが本番だ。<br>
今からお湯を注ぐぞ。",那么，现在开始是最关键的了，要倒热水了。
18,,"<span class='scene-font-katari'>姬塔達の前に置かれた</span><br>
<span class='scene-font-katari'>抽出器の中に珈琲粉を入れ、慎重に</span><br>
<span class='scene-font-katari'>お湯を注いでいくサンダルフォン。</span>",圣德芬将咖啡粉倒入团长面前的抽出器，慎重地倒入热水。
19,,"<span class='scene-font-kokoro'>（決して焦ってはいけない……</span><br>
<span class='scene-font-kokoro'>珈琲粉をどれだけ蒸らすかが、</span><br>
<span class='scene-font-kokoro'>今後の勝敗を分ける……）</span>",（绝对不能急躁......关键就在于咖啡粉被蒸至哪种程度......)
20,,"<span class='scene-font-kokoro'>（……よし……珈琲粉が</span><br>
<span class='scene-font-kokoro'>ふっくらとしてきたな。</span><br>
<span class='scene-font-kokoro'>そろそろ頃合いだろう……）</span>",(好，咖啡粉喧腾起来了。差不多要到时机了吧......)
25,,"<span class='scene-font-katari'>人数分の珈琲を抽出し終えた</span><br>
<span class='scene-font-katari'>サンダルフォンは、</span><br>
<span class='scene-font-katari'>それぞれのカップに注いでいく。</span>",圣德芬抽出了几人量的咖啡，一个个注入杯子里。
27,,"ありがとうございます！<br>
サンダルフォンさん！",非常感谢，圣德芬先生！
28,,ああ。,嗯。
29,,んじゃ早速飲んじまおうぜ！,那么快点开始喝吧！
30,,"<span class='scene-font-katari'>サンダルフォンの淹れた</span><br>
<span class='scene-font-katari'>珈琲に口をつける</span><br>
<span class='scene-font-katari'>姬塔達。</span>",团长一行人抿了一口圣德芬泡的咖啡。
31,,では、俺も飲むとするか。,那么，我也喝吧。
32,,"<span class='scene-font-katari'>サンダルフォンも緊張した</span><br>
<span class='scene-font-katari'>面持ちで口をつける。</span>",圣德芬面色紧张地也抿了一口。
33,,<span class='scene-font-4'>……っ！</span>,......!
39,,どうだ、サンダルフォン？,怎么样，圣德芬？
40,,"……お、美味しいです！<br>
このコーヒーの甘い香りと<br>
程よい酸味……",......美，美味！这份甘甜的香味和正正好好的酸度！
41,,"舌に残るまろやかなコクと<br>
苦みのバランスが絶妙です！",在舌头上残留的醇味和苦味形成了绝妙的平衡！
42,,"そうか、<br>
君も気に入ってくれたようだな。",这样啊，你也喜欢就太好了。
43,,"はい！<br>
一体どうすればこんな味が<br>
出せるんですか？",是的！究竟如何才能做出如此之味？
44,,"実は珈琲豆を焙煎する度合いによって<br>
味や風味が著しく変化することを<br>
発見してな……",实际上我发现，咖啡豆味道和风味会因咖啡豆的烘培程度而有显著的变化。
45,,"そ、そうだったんですね。<br>
……まったく珈琲とは奥深いですね。",这，这样啊。咖啡还真是深奥呢。
46,,ああ、そうだな。,嗯，是呢。
47,,"<span class='scene-font-katari'>満足そうに頷くルシフェルは、</span><br>
<span class='scene-font-katari'>改まった様子でサンダルフォンに</span><br>
<span class='scene-font-katari'>向き直って話しかける。</span>",路西菲尔满足地点了点头，严肃地对着圣德芬说到。
48,,サンダルフォン……,圣德芬......
49,,はい。,是。
50,,"私はこの珈琲という<br>
飲み物がいたく気に入ってな。",我非常中意这种叫咖啡的饮品。
51,,"私達二人で楽しむだけでは<br>
もったいない故、空の世界に<br>
もっと広めたいと考えている。",因为不能只考虑到我们两人的快乐，我正在考虑让空之世界变得更加广阔。
52,,"……！<br>
それは素敵だと思います！",......！我觉得这很好！
53,,"そうか。<br>
君も賛同してくれるのか。",是吗。你也赞同吗。
54,,"この先、空の世界の珈琲が<br>
どんな進化を遂げるのか<br>
楽しみだな……",在这之后，真期待空之世界的咖啡会进化到何种程度......
55,,はい……楽しみです。,是......我也很期待。
56,,サンダルフォン……,圣德芬......
57,,…………？,......
59,,"その時は、また私と一緒に<br>
珈琲を飲んでくれるか？",到那时，请再和我一起喝咖啡吧？
65,,"<span class='scene-font-katari'>サンダルフォンの目の前では、</span><br>
<span class='scene-font-katari'>姬塔達が神妙な面持ちで</span><br>
<span class='scene-font-katari'>珈琲を飲んでいる。</span>",在圣德芬的面前，团长们老老实实地喝着咖啡。
66,,"ふっ……<br>
どうやら君達にはまだ早かったかな？",哼，看上去对你们来说还太早了呢？
67,,"オ、オイラにだって<br>
珈琲の味ぐらいわかるぜ！<br>
なぁルリア！",我，我还是懂得品尝咖啡的，对吧露莉亚！
68,,"う～ん……<br>
私にはちょっと苦酸っぱいですけど、<br>
これはこれで美味しいかもです。",呜~......虽然对于我来说还有点苦酸的感觉，但这说不定也是一种美味！
69,,"そういうことだ！<br>
オイラはミルクと砂糖入りが好きだけど<br>
これはこれでウマいぜ！",是吧！虽然我喜欢加奶和糖，但这个也很美味哦！
70,,"まぁサンダルフォンも<br>
なかなかウマい珈琲<br>
淹れるじゃねぇか！",圣德芬也会泡相当好喝的咖啡不是吗！
71,,"ありがとう。<br>
褒め言葉として受け取っておくよ。",谢谢。我就当作赞赏接受了。
72,,"で、姬塔はどうだい？<br>
気に入ってくれたかな？",那么，团长这么想，喜欢吗？
72-sel1_txt,,<span class='scene-font-katari'>美味しい！</span>,美味！
72-sel2_txt,,<span class='scene-font-katari'>不味い……</span>,这很糟糕。
73,,"ほう……<br>
君にもこの味がわかるのか。<br>
意外だったな。",哦~你也懂这种味道吗。真意外啊。
75,,では、もう一杯おかわりをどうぞ。,那么，请再来一杯吧？
76,,"ふっ……やはりお子様の<br>
君にはまだ早かったようだな。",果然对还是小孩子的你来说还太早了呢
77,,"残念だが。<br>
まぁ正直なのは良しとしよう。",失败了呢，虽然我很你的欣赏诚实。
78,,"<span class='scene-font-katari'>ふと、何かを思い出したように</span><br>
<span class='scene-font-katari'>サンダルフォンに向き直るルリア。</span>",露莉亚像是想起了什么，对着圣德芬说到。
79,,"それで……結局この珈琲は<br>
サンダルフォンさんが二千年前に<br>
飲んだものと同じだったんですか？",那个......结果这个咖啡，是和圣德芬两千年前喝的一样的东西吗？
80,,ああ……その話か。,啊....这个啊。
81,,"おっ、そういやすっかり<br>
忘れてたけど確かに気になるぜ！",哦，虽然刚才完全忘了，但确实很在意呢。
82,,"<span class='scene-font-katari'>興味津々の様子でサンダルフォンの</span><br>
<span class='scene-font-katari'>返答を待つ姬塔達。</span>",大家不安地等待着圣德芬的回答。
83,,それは……,这个......
84,,それは……,这个？
86,,"君達のご想像に<br>
お任せしよう。",请任由你们想象吧。
87,,"ちぇっ！<br>
なんだよソレ～！",切，什么啊！
88,,う～、気になります～！,呜~好在意啊~！
89,,"<span class='scene-font-katari'>答えをはぐらかされて、</span><br>
<span class='scene-font-katari'>モヤモヤする姬塔達。</span>",一行人没得到答案，郁郁寡欢中。
90,,"じゃあオイラだけでいいから<br>
教えてくれよ！　なっ？",那只告诉我好不？呐？
91,,"あっ、ズルいですよ！<br>
ビィさんだけ～！",啊，好狡猾！只告诉碧吗~！
92,,"<span class='scene-font-katari'>言い争うビィとルリアを前に</span><br>
<span class='scene-font-katari'>クールに言い放つ</span><br>
<span class='scene-font-katari'>サンダルフォン。</span>",圣德芬在争论的碧和露莉亚面前说到。
93,,"何事も詳らかに<br>
するのはナンセンスだろう？",不可能什么事情都了解的吧？
94,,"……ほら、そんなことより<br>
せっかくの珈琲が冷めてしまうぞ？",......看，比起这个，特别的咖啡都要冷了哦？
95,,"<span class='scene-font-katari'>サンダルフォンに軽くあしらわれつつも</span><br>
<span class='scene-font-katari'>珈琲を味わいながら</span><br>
<span class='scene-font-katari'>楽しげに団欒する姬塔達。</span>",一行人和圣德芬轻松愉快地享受着咖啡。
96,,"<span class='scene-font-katari'>二千年越しの想いを通じて、</span><br>
<span class='scene-font-katari'>姬塔達の心の距離は</span><br>
<span class='scene-font-katari'>少しずつ近づいていくのだった。</span>",通过跨越两千年的思念，一行人的距离，稍微变近了一点。
info,,1,scene_chr446_q3_s20
,,,