id,en,jp,trans
0-chapter_name,,第53章　再起への標,第53章  重振旗鼓
0-synopsis,,エルステ帝国上層部は戦果報告の会議を開いていた。ガンダルヴァ中将、フュリアス少将による不甲斐ない報告を聞き、皇帝ロキは皆を煽る。ロキは狂気じみた笑みを浮かべながら、さらなる混沌と戦禍の拡大を望むのだった。,埃尔斯特帝国高层正在进行作战报告会议。听过健达缚中将和弗里亚斯少将败北的报告之后，皇帝洛基开始煽动众人。他带着疯狂的微笑告诉众人，他希望看到更加混沌，更多战乱的世界。
0,,<span class='scene-font-katari'>その場には</span><br><span class='scene-font-katari'>エルステ帝国の上層部が一堂に会し、</span><br><span class='scene-font-katari'>一人ひとり報告を述べていた。</span>,<span class='scene-font-katari'>埃尔斯特帝国高层在此汇聚一堂，一个接一个进行报告。</span>
1,,<span class='scene-font-katari'>エルステ帝国中将ガンダルヴァは、</span><br><span class='scene-font-katari'>報告書を手に、</span><span class='scene-font-place'>アマルティア</span><span class='scene-font-katari'>島での</span><br><span class='scene-font-katari'>姬塔一行との激突を語る。</span>,<span class='scene-font-katari'>埃尔斯特帝国中将健达缚手持报告书，描述Amalthea岛上与姬塔等人产生的冲突。</span>
2,,――ってのがまぁ、<br>この件の顛末だな。,——这就是事情的始末。
3,,えー、で……なんだ……<br>我々は、かの騎空団との衝突後、<br>速やかに撤退し……？,那啥……怎么说……我军与该骑空团发生冲突后迅速撤退……？
4,,ちっ……回りくどい書き方しやがって。<br>もっとわかりやすく<br>書けってんだよな……,切……怎么写的这么啰嗦。我说过让他们写的好懂一点啊……
5,,書類ってのは、なんでこう、<br>面倒な書き方をするかね……,报告干嘛非得用这么复杂的用语……
6,,事実だけをスパッと書いとけって、<br>オレ様は言っといたはずなんだがな……,我都说过让他们把事实写上就行了啊……
7,,ガンダルヴァ中将。<br>報告を続けなさい。,健达缚中将，请你继续。
8,,ああ、はいはい……<br>まぁ、要するに負けたんだよ。<br>オレ様はあのガキ共に負けた。,啊，是，是……总之，就是输了。我输给那群小鬼了。
9,,見事にやられたぜ……<br>まだまだ青いかと思ったら、<br>どうにも頃合いだったみたいだな。,彻底输给他们了……还以为他们是一群小屁孩，看来火候已到啊。
10,,なぁ、宰相サンよ……次はいつだ？<br>指令がないなら、<br>勝手に行かせてもらうぜ？,宰相阁下啊……下次是什么时候？你要是不下令，我就自己去找他们咯？
11,,挑むってのは久しぶりだからなぁ……<br>剣を抜きたくて、<br>ウズウズしてんだ……,好久没有去挑战别人了……真想现在就拔剑……
12,,別命あるまで待機、と……<br>そう伝えたはずです。<br>ガンダルヴァ中将。,没有接到命令就继续待命……我应该这样说过，健达缚中将。
13,,勝手は許しません……<br>軍に所属する以上、<br>貴方には私の命に従ってもらいます。,不准擅自行动……既然你是军人，就必须遵守我的命令。
14,,へいへい……<br>ったく……退屈させてくれるぜ。,是，是……真是的……太扫兴了。
15,,で……あの辺境のド田舎で、<br>今度はボクが、<br>あいつらとぶつかったわけね……,我和他们在那个边境的乡下打了一场……
16,,せっかく陛下からもらった魔晶で、<br>楽しく遊んでたのにさぁ……<br>あのトカゲが魔晶を……,陛下赐予我的魔晶让我玩得非常愉快啊……可是那只蜥蜴把魔晶给……
17,,それについては、<br>後ほど研究班と再度状況を共有し、<br>詳しく検討する必要がありそうですね。,关于此事，有必要通知研究组再详细探讨。
18,,フュリアス少将からは以上ですね……<br>後は……,弗里亚斯少将的报告就这些吧……那之后是……
19,,こちらからは……何も。,我没什么要说的……
20,,そうですか……<br>では報告は以上になります……陛下。,是么……那么报告都结束了……陛下。
22,,うん、ありがとう、みんな。<br>これで状況はよくわかったよ。,嗯，大家都辛苦了。这样我就掌握现在的情况了。
23,,僕のエルステ帝国は、<br>想像以上に惨憺たる状況だね。<br>みんな、不甲斐ないことこの上ないよ。,我的埃尔斯特帝国要比想象中更惨啊。大家都很没用呢。
24,,…………,
25,,…………,
26,,…………,
27,,どうかな？<br>誰か言い訳でもしてみる？<br>面白ければ、それで僕は構わないよ？,怎么样？没人说点借口吗？只要有趣就行。
28,,面白い、<br>っていうのは大事なことだからね。<br>その目的は何にも勝る……,有趣是最重要的。这才是最最重要的目的……
29,,つまらなかったら、<br>何をしてたって同じだろう？<br>ねぇ、フェンリル？,如果没意思，做什么都一样不是吗？对吧，芬里尔？
30,,ああ？<br>オレがそんなこと知るかよ……,啊？关我什么事……
31,,ははは、そうだね、知らないよね。<br>それでいい……<br>全てを知っているのは僕だけでいいんだ。,哈哈哈，是啊，和你无关呢。这样就行……掌控全局的只有我一个。
32,,はぁ……？,啊……？
33,,面白くないのなら、<br>精一杯面白くしようじゃないか。<br>みんなも手伝ってくれるね？,既然不有趣，我们就把它变得有趣起来吧。大家也会帮忙的吧？
34,,大丈夫……<br>忠誠心とかそういうのは、<br>最初から求めてないからさ。,别担心……我根本没想过要你们的忠诚。
35,,みんなでこの世界を面白くしよう。<br>やることはバラバラで構わない。<br>ただ……目的は一つだ。,一起来让这个世界变得更加有趣吧。各做各的就行。不过……目的只有一个。
36,,手段は問わない。倫理も問わない。<br>あらゆる制約を放棄して……<br>この世界を楽しもうじゃないか！,不择手段，打破伦理，无视一切制约……一起来享受这个世界吧！
37,,ほぅ……！,哦？
38,,ふぅん……,嗯……？
39,,無軌道に、無秩序に……<br>求めることだけを求めるんだ。,无需遵守规则，无需受制于秩序……追求你们想要追求的一切。
40,,その過程で邪魔になるなら、<br>全て排除して構わない。<br>味方だろうと、いっそ僕だろうとね。,谁来妨碍你们，就把谁除掉。就算是自己人，就算是我。
41,,これよりエルステは、<br>狂騒と混沌の火種となる。<br>戦禍と略奪がエルステの代名詞となる。,从现在起，埃尔斯特将成为骚乱与混沌的火种，战争与掠夺将成为埃尔斯特的代名词。
42,,いまよりももっと激しく、<br>空の世界を焼き尽くすんだ……！<br>僕が世界を楽しむために、ね。,比现在更激烈地，燃尽整片天空……！为了让我享受这个世界。
43,,はぁ……,唉……
44,,…………,
45,,ちっ……,切……
46,,<span class='scene-font-katari'>新たな支配者は、</span><br><span class='scene-font-katari'>悪意に満ちた新たな世界を標榜する。</span>,<span class='scene-font-katari'>新的支配者标榜着充满恶意的新世界。</span>
47,,<span class='scene-font-katari'>火種となるべく</span><br><span class='scene-font-katari'>エルステの前に敷かれたその道標に、</span><br><span class='scene-font-katari'>フリーシアは歯噛みするのだった。</span>,<span class='scene-font-katari'>眼看埃尔斯特就要成为一切混乱的火种，芙莉西雅暗自咬牙切齿。</span>
info,,1,scene_cp53_q1_s10