id,en,jp,trans
0-chapter_name,,第53章　再起への標,第53章  重振旗鼓
0-synopsis,,姬塔達の乗るグランサイファーはついに<span class=‘scene-font-place’>アガスティア島</span>の周囲まで辿り着く。しかし、<span class=‘scene-font-place’>アガスティア島</span>には帝国の戦艦が群れを成していた。,姬塔等人乘着格兰塞法来到了<span class='scene-font-place'>Agastia岛</span>附近。成群结队的帝国战舰把守在岛屿周围。
0,,見えて来たな……<br>あれがエルステ帝国の首都を有する、<br><span class='scene-font-place'>アガスティア島</span>だ。,能看到了……那就是埃尔斯特帝国首都坐落的<span class='scene-font-place'>Agastia岛</span>。
1,,あれが……<br>エルステ帝国の……,那就是……埃尔斯特帝国的……
2,,おいおい……<br>あの周りに浮いてる黒いのって、<br>まさか……,喂喂……岛周围黑压压浮着的难道是……
3,,恐らくは帝国の戦艦ですね……<br>なにせあそこは、<br>帝国の心臓部ですから……,应该是帝国的战舰吧……毕竟这里是帝国的心脏……
4,,とはいえ、<br>射程距離まではまだ少しあるはずだ。<br>もうちょい近づいてみようじゃねぇか。,虽说如此，我们离他们的射程还有点距离。再靠近点观察吧。
info,,1,scene_cp53_q4_s10