id,en,jp,trans
0-chapter_name,,风と木の骑士様," 风和树的骑士大人"
0-synopsis,,新たに骑空団に合流したジークフリート。その姿を见たルナールは、まるで理想の骑士そのものだと冲撃を受ける。ルナールは、ジークフリートをモデルにデッサンを重ねるも、理想と现実の差に打ちひしがれスランプに陥るが、ジークフリートの励ましの言叶で热意を取り戻し、ついに理想の一枚を描きあげる。その絵を受け取ったジークフリートが微笑んだ瞬间、ルナールは兴奋の余り卒倒するのだった。," 齐格飞正式和骑空团一起行动了。看见他的露娜露、就像发现了理想中骑士一样兴奋。露娜露、虽然成功让齐格飞当模特、但是理想和现实之问的差距却让她陷入了低潮、经过齐格飞的鼓励后成功取回热情、总算把画出了一幅理想画了。收下那幅画的齐格飞露出了微笑、看到微笑的露娜露就在兴奋当中晕过去了。"
0,,<span class='scene-font-katari'>――その日、ルナールは必ず</span><br><span class='scene-font-katari'>かの人を描かねばなるまいと</span><br><span class='scene-font-katari'>确信した。</span>,<span class='scene-font-katari'>――那一天、露娜露</span><br><span class='scene-font-katari'>找到了一位绝对要</span><br><span class='scene-font-katari'>画下来的人。</span>
8,,さて。これからしばらく<br>世话になるぞ、姬塔。," 那么。接下来一段时间<br>就要麻烦你了、姬塔。"
9,,はい！　よろしくお愿いします！<br>ジークフリートさんと一绪に旅が<br>出来るなんて、とっても心强いです！," 好的！　我也要请你多多指教了！<br>能和齐格飞先生你一起旅行<br>真的让我十分安心！"
10,,<span class='scene-font-katari'>骑空団に同行する事になった</span><br><span class='scene-font-katari'>ジークフリートを歓迎する</span><br><span class='scene-font-katari'>姬塔达。</span>,<span class='scene-font-katari'>姬塔他们</span><br><span class='scene-font-katari'>正在欢迎将会和</span><br><span class='scene-font-katari'>骑空团一起行动的齐格飞。</span>
11,,<span class='scene-font-katari'>その様子を、少し离れた场所から</span><br><span class='scene-font-katari'>じっと见つめる一つの影があった。</span>,<span class='scene-font-katari'>在稍微离开一点的地方</span><br><span class='scene-font-katari'>有一个黑影静静地看着他们。</span>
12,,<span class='scene-font-kokoro'>（わっ！　何、何アレ、何てこと！</span><br><span class='scene-font-kokoro'>理想の骑士様が目の前に……！）</span>,<span class='scene-font-kokoro'>（哇啊！　这、这是什么、发生什么了！</span><br><span class='scene-font-kokoro'>理想中的骑士大人出现在眼前了……！）</span>
13,,<span class='scene-font-kokoro'>（うぅ～……禁欲的かつ</span><br><span class='scene-font-kokoro'>神秘的な雰囲気と贞実さを両立させた</span><br><span class='scene-font-kokoro'>露出皆无の甲冑男子……！）</span>,<span class='scene-font-kokoro'>（呜呜～……有禁欲感的</span><br><span class='scene-font-kokoro'>同时有神秘的气质和忠义的举止</span><br><span class='scene-font-kokoro'>不露一点肌肤的盔甲男……！）</span>
14,,<span class='scene-font-kokoro'>（ふふふ……何より颜が隠れてるのが</span><br><span class='scene-font-kokoro'>逆に色々妄想を掻き立てられて</span><br><span class='scene-font-kokoro'>堪らないわっ！）</span>,<span class='scene-font-kokoro'>（嘿嘿嘿……最重要的是把脸藏起来</span><br><span class='scene-font-kokoro'>反而激起了各种各样的妄想</span><br><span class='scene-font-kokoro'>我忍不住了！）</span>
15,,<span class='scene-font-kokoro'>（はぁ……はぁ……</span><br><span class='scene-font-kokoro'>ああダメだ、妄想が止まらない……</span><br><span class='scene-font-kokoro'>现実もまだ舍てたものじゃないわね！）</span>,<span class='scene-font-kokoro'>（哈啊……哈啊……</span><br><span class='scene-font-kokoro'>啊啊不行了、妄想停不下来……</span><br><span class='scene-font-kokoro'>现实世界也不是一无是处的嘛！）</span>
17,,ところで……<br>そこの阴にいるお前。," 话说……<br>那边那个藏在阴影里的。"
18,,うああ……！？<br>み、见つかった！？," 呜啊啊……！？<br>被、被发现了！？"
19,,なんだぁ？<br>って、ルナールじゃねぇか！<br>何でそんなところにいるんだ？," 怎么了？<br>啊、是露娜露你啊！<br>你在那种地方做什么啊？"
20,,その……ちょっと出るタイミングが<br>掴めなかっただけよ。," 那个……有点抓不住<br>出来的时机。"
21,,えーっと、绍介しますね！<br>この人はルナールさんと言って、<br>絵がとっても上手な方なんですよ！," 那个、我来介绍一下！<br>她叫露娜露、<br>是位画功非常厉害的画家来的哦！"
22,,そうそう！　魔物の絵がすっげぇ<br>上手くて、确か耽美絵物语っていう<br>おと――," 对啊对啊！　她画的魔物真的<br>非常厉害、好像还有在画叫耽美的东西<br>啊――"
23,,<span class='scene-font-4'>うああ！　わー！　わー！</span><br><span class='scene-font-4'>それ以上はダメーッ！</span>,<span class='scene-font-4'>呜啊啊！　哇ー！　哇ー！</span><br><span class='scene-font-4'>不能说的啊！</span>
24,,うわっ！<br>何だよぉ、そんな大声<br>出さなくてもいいだろー？," 呃啊！<br>什么啊、也不用突然<br>这么大声叫的吧ー？"
25,,もうっ！　ダメなものはダメなの！<br>それ以上言ったら许さないわよっ！," 不准说！　我说不行就不行！<br>再继续说我不会放过你的！"
26,,やれやれ……<br>相変わらずお前の骑空団は<br>騒々しいな、姬塔。," 哎呀哎呀……<br>你的骑空团还是一如既往的<br>热闹呢、姬塔。"
26-sel1_txt,,<span class='scene-font-katari'>騒がしいのは嫌い？</span>,<span class='scene-font-katari'>讨厌热闹吗？</span>
26-sel2_txt,,<span class='scene-font-katari'>毎日楽しいよ</span>,<span class='scene-font-katari'>每天都很开心哦</span>
27,,いや、そんな事は无い。<br>皆楽しそうにしているし、<br>お前らしくて良い団だ。," 不、不是这个意思。<br>各位看上去都很快乐、<br>很有你的风格的团啊。"
28,,ふふ、その颜を见れば分かる。<br>ここに来るまで出会った皆も、<br>今のお前と同じ颜をしていたからな。," 哈哈、看你的表情我就知道了。<br>在路上遇到的团员全都、<br>和你现在的表情一模一样。"
29,,<span class='scene-font-kokoro'>（ふふ…无骨な铠に反した优しい声色！</span><br><span class='scene-font-kokoro'>颜は见えないけど、微笑んでいる様子が</span><br><span class='scene-font-kokoro'>手に取る様に分かるわ！）</span>,<span class='scene-font-kokoro'>（哼哼…和粗旷盔甲相反的温柔声音！</span><br><span class='scene-font-kokoro'>虽然看不到脸、但我很清楚地</span><br><span class='scene-font-kokoro'>看到他微笑的样子啊！）</span>
30,,なぁなぁ、ルナール。<br>何かすげぇ目で睨んでるけど、<br>どうかしたのか？," 喂喂、露娜露。<br>你为什么一直盯着那里、<br>发生什么了吗？"
31,,えっ！？<br>いえ、何でもないわ。<br>何でも……," 诶！？<br>没有、什么都没有啊。<br>什么都……"
32,,<span class='scene-font-kokoro'>（来た、天启！</span><br><span class='scene-font-kokoro'>この无限に溢れる妄想……！</span><br><span class='scene-font-kokoro'>描きたい、この人を描きとめたい！）</span>,<span class='scene-font-kokoro'>（天启、来了！</span><br><span class='scene-font-kokoro'>这无限地涌出来的妄想……！</span><br><span class='scene-font-kokoro'>我想画他、我想把他画下来！）</span>
33,,<span class='scene-font-katari'>じっと観察するように姬塔と</span><br><span class='scene-font-katari'>ジークフリートを眺めていたルナールは</span><br><span class='scene-font-katari'>ふと、何かを决意するように拳を握る。</span>,<span class='scene-font-katari'>一直盯着齐格飞和姬塔</span><br><span class='scene-font-katari'>进行观察的露娜露</span><br><span class='scene-font-katari'>突然、就像下定了什么决心一样、握紧了拳头。</span>
34,,<span class='scene-font-kokoro'>（そうよ、これはチャンスじゃない！</span><br><span class='scene-font-kokoro'>理想が目の前にあるのに、黙って</span><br><span class='scene-font-kokoro'>见ているだけじゃもったいないもの！）</span>,<span class='scene-font-kokoro'>（对啊、这不就是个机会吗！</span><br><span class='scene-font-kokoro'>现在理想就在面前、怎么可能</span><br><span class='scene-font-kokoro'>只是默默地看着啊！）</span>
35,,どうした？　<br>俺の颜に何かついているか？,怎么了？ <br>我脸上有什么东西吗？
36,,あの……わた、わたしの絵の、<br>モ、モデルに！<br>なってもらえませんか！？," 那个……能、能请你当、<br>我、我画画的！<br>模特吗！？"
37,,その……わたし、魔物を描くのは<br>得意だけど、理想通りの人体が<br>描けなくて悩んでいて……," 那个……我、虽然挺擅长<br>画魔物的、不过却在烦恼<br>没法很好地画人体……"
38,,えーっと、それで、あなたを见た时に<br>思ったんです！　わたしの理想<br>そのもののあなたを描きたいって！," 那个、然后呢、看到你的时候<br>我就觉得！　你就是我理想中的男人<br>我想把你原原本本地画下来！"
39,,ふむ……おおよその理由は分かった。<br>だが、生憎と俺はそういうものに<br>疎くてな……," 嗯……理由我大概听明白了。<br>不过、很不巧我完全不懂得<br>如何当模特……"
40,,その、俺よりも、もっと被写体として<br>相応しい人材がこの艇には<br>いると思うんだが……," 那个、我觉得、应该会有<br>比我更适合当模特的人<br>在这个船上的……"
41,,いいえ、あなたじゃなきゃダメです！<br>せめて远目に见ながら、模写する许可<br>だけでもください！　お愿いします！," 不、这事是非你不可的啊！<br>真的不行的话、请你容许我<br>在远方偷偷地画你的素描吧！　求求你答应吧！"
42,,<span class='scene-font-katari'>必死に頼み込むルナールの姿を、</span><br><span class='scene-font-katari'>真挚に见つめるジークフリートは</span><br><span class='scene-font-katari'>思案するように小さく念る。</span>,<span class='scene-font-katari'>齐格飞看到露娜露拼命、</span><br><span class='scene-font-katari'>真诚地请求的身影</span><br><span class='scene-font-katari'>思考了一下小声地说道。</span>
43,,……分かった、好きにしろ。<br>そこまで頼み込まれては、<br>无下に断る訳にはいかないな。," ……我知道、你就随你喜欢地画吧。<br>看到你这样拼命地请求、<br>我也不能什么都不尝试就直接拒绝你呢。"
44,,わぁ……！<br>ありがとうございます！," 哇……！<br>真的非常感谢你！"
45,,<span class='scene-font-katari'>无事にジークフリートからの许可を得た</span><br><span class='scene-font-katari'>ルナールは、翌日からひっそりと物阴に</span><br><span class='scene-font-katari'>隠れ様子を観察することにした。</span>,<span class='scene-font-katari'>成得到齐格飞许可的露娜露</span><br><span class='scene-font-katari'>从第二天开始、就静静地待在阴影下</span><br><span class='scene-font-katari'>一边隐藏自己一边进行观察了。</span>
46,,<span class='scene-font-katari'>もちろん、どんな姿も余すところなく</span><br><span class='scene-font-katari'>描き记す为に、爱用のスケッチブック</span><br><span class='scene-font-katari'>と笔を握り缔めながら。</span>,<span class='scene-font-katari'>当然、为了不会错过</span><br><span class='scene-font-katari'>任何一个动作、常用的素描本</span><br><span class='scene-font-katari'>和笔始终都是握在手里的。</span>
50,,あっ、ジークフリートさん！<br>これから魔物讨伐に行くんですが、<br>一绪に来てくれませんか？," 啊、齐格飞先生！<br>我们现在要去清除魔物、<br>你要一起来吗？"
51,,ああ、构わない。<br>……姬塔、ついでに<br>お前の稽古もつけてやろう。,啊啊、好啊。<br>……姬塔、<br>我们顺便一起来练下剑吧。
52,,へへっ、やったな姬塔！<br>オマエ、ずっとジークフリートと<br>稽古したがってたもんな！," 哈哈、太好了呢姬塔！<br>你不是、一直都很想和<br>齐格飞一起练剑的吗！"
53,,よかったですね！<br>姬塔が嬉しそうで、<br>私まで嬉しくなっちゃいます！," 真是太好了呢！<br>姬塔你看起来很高兴啊、<br>看到我都觉得自己变得高兴了！"
54,,<span class='scene-font-kokoro'>（はっ！　もしかして姬塔さん</span><br><span class='scene-font-kokoro'>が远虑していたのに気付いていて、</span><br><span class='scene-font-kokoro'>あえて彼の方から诱ったのかしら……）</span>,<span class='scene-font-kokoro'>（啊！　他该不会是</span><br><span class='scene-font-kokoro'>察觉到姬塔不好意思开口、</span><br><span class='scene-font-kokoro'>所以才自己主动去邀请……）</span>
55,,<span class='scene-font-kokoro'>（うぅ～……悔しい！</span><br><span class='scene-font-kokoro'>何か悔しい！　でも嫌いじゃない！</span><br><span class='scene-font-kokoro'>これが大人の包容力なのね……！）</span>,<span class='scene-font-kokoro'>（呜呜～……很妒忌！</span><br><span class='scene-font-kokoro'>虽然很妒忌！　不过不讨厌他这样做！</span><br><span class='scene-font-kokoro'>这大概就是大人的包容力吧……！）</span>
56,,<span class='scene-font-katari'>目を见开き姬塔达を</span><br><span class='scene-font-katari'>観察しながら、书きなぐるように</span><br><span class='scene-font-katari'>笔を走らせるルナール。</span>,<span class='scene-font-katari'>睁大眼睛看着姬塔他们</span><br><span class='scene-font-katari'>一边观察、一边挥笔</span><br><span class='scene-font-katari'>飞速地在画的露娜露。</span>
57,,なぁ、ルリア……," 吶、露莉亚……"
58,,しーっ！　ダメですよ、ビィさん！<br>真剣に絵を描いているルナールさんの<br>邪魔しちゃ！,嘘！　要安静点啊、阿碧！<br>会打扰到正在认真画画的<br>露娜露啊！
59,,いやぁ、そうなんだけどさぁ……," 不、虽然你说的没错……"
66,,<span class='scene-font-katari'>ジークフリートの一挙一动に颔いたり、</span><br><span class='scene-font-katari'>感极まって天を仰いだりと妙な行动を</span><br><span class='scene-font-katari'>缲り返す姿はまるで不审者である。</span>,<span class='scene-font-katari'>看到齐格飞的一举一动都会点头、</span><br><span class='scene-font-katari'>然后像是感激上天一样抬头望天</span><br><span class='scene-font-katari'>不断重复这种奇怪行动的她简直就是个可疑人物。</span>。
67,,<span class='scene-font-katari'>他の団员达はやや远巻きにルナールを</span><br><span class='scene-font-katari'>见るようになったが、気にも留めず</span><br><span class='scene-font-katari'>彼女は黙々と笔を走らせ続けた。</span>,<span class='scene-font-katari'>露娜露虽然看见了其他团员</span><br><span class='scene-font-katari'>开始躲开她、但她并没有在意</span><br><span class='scene-font-katari'>只是默默地挥舞手中的笔。</span>
68,,<span class='scene-font-katari'>最初は视线に対して无意识に</span><br><span class='scene-font-katari'>反応するジークフリートであったが、</span><br><span class='scene-font-katari'>次第に自然に振る舞う様になる。</span>,<span class='scene-font-katari'>最初齐格飞经常会无意识地</span><br><span class='scene-font-katari'>对视线作出反应、</span><br><span class='scene-font-katari'>现在已经习惯了能自然地行动了。</span>
69,,<span class='scene-font-katari'>すっかり驯染んだジークフリートが</span><br><span class='scene-font-katari'>垣间见せる素の表情に、ルナールは</span><br><span class='scene-font-katari'>ますます身闷えるのだった。</span>,<span class='scene-font-katari'>已经完全习惯了的齐格飞</span><br><span class='scene-font-katari'>偶然会流露出自己的表情、每当露娜露她</span><br><span class='scene-font-katari'>看到的时候、都会像是很痛苦地扭来扭去。</span>
75,,うふふ。最近のルナールさん、<br>何だかとっても楽しそうですね。<br>絵の进みはどうですか？," 啊哈哈。露娜露你最近、<br>看上去总是很开心呢。<br>画画有进步吗？"
76,,そうねぇ……今までにないくらい、<br>充実したものが描けていると思うわ。," 有一些吧……这是以前从来没有过的、<br>非常充实的画吧、我觉得。"
77,,それに、最近は模写しなくても、<br>想象上の构図を纸に落とせるように<br>なってきたの。," 而且、最近开始不用看实物、<br>也能把想象中的构图<br>好好地画下来了。"
78,,これは、今までとは比べ物に<br>ならない程の进歩よ！," 这不是、以前完全没有的<br>大进步吗！"
79,,へぇー、そりゃよかったな！<br>まぁ、ジークフリートを追っかけてる<br>姿はちょっと怖いけどよ……," 哦、这不是很好吗！<br>虽然、追在齐格飞后面跑的<br>样子有点恐怖就是了……"
80,,ちょっと！　怖いなんて失礼ね。<br>せめて気迫に溢れると言って顶戴。<br>……うん？," 喂喂！　说恐怖太过份了。<br>请你用气势迫人来形容我。<br>……嗯？"
81,,<span class='scene-font-katari'>ふと、ルナールが窓の外に目をやると、</span><br><span class='scene-font-katari'>ぽつぽつとガラスを叩く水滴が</span><br><span class='scene-font-katari'>目に止まった。</span>,<span class='scene-font-katari'>突然、露娜露看向窗外、</span><br><span class='scene-font-katari'>眼睛停在了</span><br><span class='scene-font-katari'>啪嗒啪嗒地打在窗上的水珠上。</span>
82,,<span class='scene-font-katari'>すぐに滝のように降り出してきた雨に、</span><br><span class='scene-font-katari'>ルリアが慌てて立ち上がる。</span>,<span class='scene-font-katari'>看着水珠转眼间变成了瀑布一样的大雨、</span><br><span class='scene-font-katari'>露娜露慌张地站了起来。</span>
83,,大変です！　今甲板で姬塔と<br>ジークフリートさんが、稽古の<br>真っ最中だったはず……！," 糟了！　现在姬塔和<br>齐格飞先生还在甲板上<br>一起练剑的啊……！"
84,,えぇ！？　雨に濡れながら<br>戦う二人……このチャンスを<br>逃す訳にはいかないわ！," 诶诶！？　在雨水下<br>对战的两人……这个机会<br>绝对不能错过！"
86,,あ、おい！　ルナール！<br>そのまま行ったらびしょ濡れに……," 啊、喂！　露娜露！<br>就这样跑出去的话会淋湿的……"
94,,うわぁっ！," 呃哇！"
95,,すまない、大丈夫か？," 抱歉、你没事吧？"
96,,うぅ～……<br>だ、大丈夫、ちょっと额を<br>ぶつけただけ……っふぉっ！？," 呜呜～……<br>没、没事、只是<br>额头稍微撞到了一下……呃啊！？"
97,,どうした？　どこか痛めたか？," 怎么了？　有哪里痛吗？"
98,,は？　え、あの、なんで、头……<br>そ、それ、颜……？," 哈？　诶、那个、为什么、头……<br>那、那个、脸……？"
99,,<span class='scene-font-kokoro'>（これはちょっと卑怯过ぎだわ……！</span><br><span class='scene-font-kokoro'>隠された素颜は超絶美形なんて、</span><br><span class='scene-font-kokoro'>都合の良い妄想みたいな展开っ！）</span>,<span class='scene-font-kokoro'>（这太卑鄙了啊……！</span><br><span class='scene-font-kokoro'>头盔下的脸孔竟然是超级美形的、</span><br><span class='scene-font-kokoro'>简直就是妄想中的剧情一样啊！）</span>
100,,ん？　……ああ、これか？<br>姬塔に艇内でくらい外したら<br>どうだと言われてな。," 嗯？　……啊啊、头盔啊？<br>姬塔对我说至少在<br>骑空艇里的时候脱掉吧。"
101,,それで、今日は外して<br>过ごしていたんだが……<br>それがどうかしたか？," 所以、我今天一整天<br>都把头盔脱了……<br>这有什么问题吗？"
102,,いいえ、ちょっとびっくりして……<br><span class='scene-font-kokoro'>（あぁぁぁぁ……っ！</span><br><span class='scene-font-kokoro'>姬塔さんありがとう！）</span>,不会、只是有点被吓到而已……<br><span class='scene-font-kokoro'>（啊啊啊啊啊……！</span><br><span class='scene-font-kokoro'>姬塔谢谢你啊！）</span>
103,,えーっと、とりあえず、お二人とも<br>早く着替えないとですね。<br>风邪引いちゃいますよ。," 那个、先别说了、你们两个<br>得快点换掉衣服啊。<br>会感冒的。"
104,,あ、ああ……！？<br><span class='scene-font-kokoro'>（着替えってことは……铠の下に</span><br><span class='scene-font-kokoro'>隠された、に、にく、肉体美が……！）</span>,啊、嗯嗯……！？<br><span class='scene-font-kokoro'>（要换衣服的话……那隐藏在</span><br><span class='scene-font-kokoro'>盔甲之下的、肉、肉、肉体就会……！）</span>
106,,きゃあっ！？<br>大丈夫ですか！？," 呀啊！？<br>你还好吗！？"
107,,これが……げんじつ……？<br>あは……あはは……うそだぁ……<br>ぜったいゆめだぁ……," 这是……现实吗……？<br>啊哈……啊哈哈……假的吧……<br>绝对是在做梦……"
108,,はわぁああ～……！<br>ルナールさぁーん！<br>しっかりしてくださぁーいっ！," 哈哇哇哇哇～……！<br>露娜露！<br>你要振作一点啊！"
114,,ん……うーん……<br>あれ？　わたしは一体……," 嗯……咦……<br>那个？　我到底怎么了……"
115,,えーっと、そうだ……<br>确か着替えに兴奋しすぎちゃって……<br>それで……," 我想想、对了……<br>好像是听到要换衣服就兴奋了……<br>然后……"
116,,<span class='scene-font-katari'>谁かが运び込んでくれたのであろう</span><br><span class='scene-font-katari'>室内を见渡し、ようやく自分の状况を</span><br><span class='scene-font-katari'>思い出したルナール。</span>,<span class='scene-font-katari'>应该是有人把我送回来的吧</span><br><span class='scene-font-katari'>看了遍房间、露娜露总算是</span><br><span class='scene-font-katari'>弄清楚发生什么事了。</span>
117,,ふふ、あの人の素颜凄かったなぁ……<br>まるで絵から抜け出たような理想形！<br>ああ、本当に奇迹だわ……," 嘿嘿、他的脸真是厉害啊……<br>简直就是从画中跑出来的一样啊！<br>啊啊、真的是奇迹啊……"
118,,ああ、こうしちゃいられないわ。<br>记忆が鲜明なうちに、スケッチで<br>残しておかないと……," 啊啊、不能继续呆着了。<br>趁记忆还鲜明的时候、赶紧<br>把他画下来啊……"
120,,<span class='scene-font-katari'>いそいそと笔を取り、脳里に浮かぶ</span><br><span class='scene-font-katari'>光景を纸面に落とそうと手を动かすも</span><br><span class='scene-font-katari'>すぐにその动きが止まる。</span>,<span class='scene-font-katari'>赶紧把笔拿出来、准备动手把</span><br><span class='scene-font-katari'>脑海里的光景画在纸上时</span><br><span class='scene-font-katari'>手却很快停下来了。</span>
121,,う～ん……违う。<br>こうじゃない。," 不……不对。<br>不是这样的。"
122,,ん……男らしくももっと繊细で、<br>精悍さと柔和さが调和した<br>もっとこう……," 嗯……有男子气概而且很纤细、<br>精悍和柔和共存<br>这应该更加……"
123,,かきかき……<br>ダメ、ぜんっぜんダメ！<br>违う、全然表现できてない！," 画啊画啊……<br>不行、完全不行！<br>不对、完全没表现出来！"
124,,かきかき……违う！　もっと！<br>あの冲撃を！　あの奇迹を！<br>わたしは表现したいの！," 画啊画啊……不对！　应该更加！<br>那一下冲撃！　那个奇迹！<br>我想表达的是那个啊！"
125,,<span class='scene-font-katari'>描いては舍て、何度描き直しても</span><br><span class='scene-font-katari'>理想を描けないルナールの手から、</span><br><span class='scene-font-katari'>やがて笔が力なく転げ落ちた。</span>,<span class='scene-font-katari'>画好后丢掉、重新画了无数次之后</span><br><span class='scene-font-katari'>露娜露还是没法画出满意的画、</span><br><span class='scene-font-katari'>最后手中的笔无力地掉下来了。</span>
126,,うぅ～……描きたい构図も<br>描きたい表情も水の様に涌き出るのに、<br>どうして描けないのぉ……," 唔唔～……想画的构图<br>想画的表情都像是涌泉一样喷出来、<br>为什么就是画不出来啊……"
127,,<span class='scene-font-katari'>そのまま力なく地に伏せ叹くルナールの</span><br><span class='scene-font-katari'>目に、无造作に投げ舍てられたスケッチ</span><br><span class='scene-font-katari'>の一枚が目に止まる。</span>,<span class='scene-font-katari'>露娜露就这样无力地扒在地上不断叹气</span><br><span class='scene-font-katari'>目光、停在了一张</span><br><span class='scene-font-katari'>随意丢在地板的素描上。</span>
128,,<span class='scene-font-katari'>それは、つい先日势いで描き上げた</span><br><span class='scene-font-katari'>想象上のジークフリートの素颜だった。</span>,<span class='scene-font-katari'>那是、早几天凭冲动画出来的</span><br><span class='scene-font-katari'>自己想象中齐格飞的脸。</span>
129,,ふん、何よこんなの。<br>これよりもっと、现実の方が<br>理想に近かったわ。," 哼、这算什么东西啊。<br>现实的他、比这东西<br>还要接近我的理想啊。"
130,,全く……改めて见ると酷いわね。<br>普通の模写ですら、あの雰囲気を<br>一切表现できていないなんて……," 认真看看的话……这些画真是糟透了。<br>就连普通的素描、也完全没有表现出<br>他那种气质出来……"
131,,<span class='scene-font-katari'>同じく散らばるスケッチを一つ一つ</span><br><span class='scene-font-katari'>见つめながら、ルナールは力なく</span><br><span class='scene-font-katari'>笑った。</span>,<span class='scene-font-katari'>露娜露一张一张地看着</span><br><span class='scene-font-katari'>四散周围的素描、开始无力地</span><br><span class='scene-font-katari'>笑了起来。</span>
132,,ん……そっか、わたしがダメなのか……<br>この溢れんばかりの妄想を描けるだけの<br>腕が无いわたしが……," 嗯……这样啊、不行的原来是我啊……<br>整天净是在妄想<br>却没有能耐的我……"
133,,ううん、魔物だってそう……<br>仕事だからと割り切って、わたしは<br>魅力を描こうとしなかった……," 不对、魔物画也是这样……<br>因为是工作所以就只按标准办事、我根本<br>就没有想过要把他们的魅力画下来……"
134,,きっと、魔物だって隠れた魅力が<br>たくさんあったはずなのに、<br>それを表现しきれてなかったかも……," 魔物、肯定也有很多<br>隐藏起来的魅力的啊、<br>我可能根本就没有表达出来……"
135,,うぅ～……こんな未熟なわたしじゃ、<br>耽美絵师どころか魔物絵师と名乗る<br>资格も无いんじゃないかしら……," 呜呜～……这么不成熟的我、<br>别说耽美画师了就连魔物画师<br>我也没资格自称啊……"
136,,<span class='scene-font-katari'>すっかりマイナス思考に囚われた</span><br><span class='scene-font-katari'>ルナールは、笔を両手で掴むと</span><br><span class='scene-font-katari'>そのまま力を込める。その瞬间。</span>,<span class='scene-font-katari'>完全陷入负面思考的露娜露</span><br><span class='scene-font-katari'>双手用力握紧了笔</span><br><span class='scene-font-katari'>正想用力把它折了的、那瞬间。</span>
138,,おーい、ルナール！<br>もう大丈夫かー？," 喂、露娜露！<br>你还好吗ー？"
139,,失礼、邪魔するぞ。," 抱歉，打扰你了。"
140,,<span class='scene-font-4'>うああ！</span><br>あ、はい！　どうぞ！," <span class='scene-font-4'>呜啊啊！</span><br>啊、不会！　请进！"
141,,ふむ、もう大丈夫そうだな？<br>急に倒れるから、皆心配していたぞ。," 嗯、你已没事了吧？<br>你突然倒下、大家都很担心你啊。"
142,,えっと、はい、全然！<br>全然大丈夫です！<br>全く！　问题ないです！," 那个、没事、完全！<br>我完全没事了！<br>完全！　没什么问题！"
143,,よかったぁ……<br>実は、珍しくジークフリートさんが<br>焦っていたんですよ。," 那就太好了……<br>其实、刚下齐格飞先生他<br>很罕见地慌张了起来啊。"
144,,えぇっ！？<br>な、何で……？," 诶诶！？<br>为、为什么……？"
145,,その、万が一にも打ち所が<br>悪ければ、大事に至るからな。," 那个、万一撞到的是要害的话<br>说不定会出大问题。"
146,,えっと……<br>心配かけてごめんなさい……," 那个……<br>对不起让你们担心了……"
147,,なんだぁ？　……おお！<br>おーい、ルリア！<br>これ见てみろよ！," 这什么啊？　……哦哦！<br>喂、露莉亚！<br>你看看这个！"
148,,ビィさん！？<br>また胜手にルナールさんのものを……<br>……って、それは？," 阿碧！？<br>你又随便碰露娜露的东西……<br>……诶、那个是？"
149,,こりゃスゲェや！<br>なぁなぁ、ジークフリート！<br>これ、全部オマエが描いてあるんだぜ！," 这个真的厉害啊！<br>对吧、齐格飞！<br>这些、全都是在画你啊！"
150,,<span class='scene-font-4'>うああっ！</span><br>ちょ、やめ、やめてぇ！," <span class='scene-font-4'>呜啊啊啊！</span><br>住手、不要、不要看啊！"
151,,ほう、どんなものかと思えば……<br>味があって良い絵じゃないか。," 哦、还以为是什么没法见人的东西……<br>这不是画得很好很有意思的吗。"
152,,うっ……うぅ……<br>……ダメなんです……<br>ダメなんですよぉ……," 不……不是……<br>……这是不行的……<br>这种东西是不行的啊……"
153,,どうしてだ？<br>良く描けていると思うが……," 为什么？<br>我觉得这画得很好啊……"
154,,でも、理想には远く及ばない……<br>どれだけ描いても、近づけないんです。<br>きっと才能が无いから……," 但是、和理想的还差很远……<br>不管画多少遍、也没有办法靠近我的理想啊。<br>肯定是因为我没有才能……"
155,,それに、描けば描くほど、现実を<br>突きつけられて、魔物絵师としても<br>未熟だったと思い知らされて……," 而且、画得越多、就越是明白<br>就连作为魔物画师<br>我还差得远的事实……"
156,,わたしに、絵を描く资格なんて<br>无いんです……きっと。," 我根本就、没有画画的资格<br>肯定是这样的。"
157,,おいおい、何言ってんだよ！<br>ルナールの魔物の絵はすっげぇ<br>迫力あってスゲェと思うぜ！," 喂喂、你在说什么啊！<br>我觉得你画的魔物全都<br>很好很有迫力非常厉害的啊！"
158,,はい！　このジークフリートさんの<br>絵だって素晴らしいじゃないですか！," 对啊！　这张齐格飞先生的画<br>不就画得很好的吗！"
159,,そうだな！　最初はやっぱちょっと<br>怖いけどよ、见ていくとどんどん<br>上达してるのが分かるぜ！," 说得对啊！　虽然最初的画<br>是有些恐怖、但是看过后面那些之后<br>很明显看得到你是有进步的！"
160,,だから、絵を描く资格なんて<br>なくないです！　私、もっと<br>ルナールさんの絵が见たいです！," 所以、你不要说自己没资格<br>去画画了！　我、很想看<br>更多露娜露你画的画！"
161,,でも……<br>それでも、わたしの理想には<br>远く及ばないわ……," 不过……<br>就算你这样说、我还是<br>完全没法接近自己的理想啊……"
162,,いいえ、上辺だけ上达しても、<br>表现する力が无ければ<br>何も意味が无いのよ。," 不对、就算画功有多好、<br>没法把那种气势表现出来的话<br>根本就什么意义都没有。"
163,,ふむ……谁しも、最初から理想通りに<br>全て上手くいくものなどない。<br>剣の腕も、恐らく絵の腕もな。," 唔……不论是谁、都不可以一开始就<br>完美地做到自己的理想中的事情。<br>剑是这样、大概画画也是这样吧。"
164,,だが、どんなに苦しく、<br>理想からかけ离れ、<br>血を吐くような思いをしようとも。," 但是、不管有多艰难、<br>距离理想还有多远、<br>辛苦到要吐血也好。"
165,,それでも、积み重ねてきた努力は<br>お前の中に确かに存在しているはずだ。<br>それは信じてもいいんじゃないか？," 即使这样、以前所做的努力<br>肯定还留在你身上的。<br>你就不能去相信以前的努力吗？"
166,,……ハッ！<br><span class='scene-font-kokoro'>（このセリフ……确かどこかで……）</span>,……哈！<br><span class='scene-font-kokoro'>（这句台词……好像在哪里听过……）</span>
167,,<span class='scene-font-kokoro'>（これは……これはまさに</span><br><span class='scene-font-kokoro'>「ポポル・サーガ」第二章にあった</span><br><span class='scene-font-kokoro'>作中屈指の名セリフの一つ！）</span>,<span class='scene-font-kokoro'>（这是……这不就是</span><br><span class='scene-font-kokoro'>「波波尔・传奇」第二章里出现的吗</span><br><span class='scene-font-kokoro'>这也是整个作品中首屈一指的名台词！）</span>
168,,<span class='scene-font-kokoro'>（マキリ君はポポル様のこの言叶を</span><br><span class='scene-font-kokoro'>粮に努力を重ね、スランプを脱して</span><br><span class='scene-font-kokoro'>みるみるうちに成长したわ）</span>,<span class='scene-font-kokoro'>（玛基利把波波尔大人的话</span><br><span class='scene-font-kokoro'>当作精神支柱不断努力、脱离低潮</span><br><span class='scene-font-kokoro'>然后就飞快地成长了）</span>
169,,<span class='scene-font-kokoro'>（そうよ、ルナール！</span><br><span class='scene-font-kokoro'>わたしは今まさに、マキリ君と同じ！</span><br><span class='scene-font-kokoro'>花咲く前の蕾なの！）</span>,<span class='scene-font-kokoro'>（没错、露娜露！</span><br><span class='scene-font-kokoro'>我现在就和、玛基利他一样！</span><br><span class='scene-font-kokoro'>是还没绽放的花蕾！）</span>
170,,あの……ありがとうございます！<br>わたし、お阴で大切な事を<br>思い出せました！," 那个……真的非常感谢你！<br>我、听了你的话之后<br>终于想起来了！"
171,,そうよ、理想に届かないなんて<br>今に始まったことじゃないもの。<br>今大事なのは、やりきる事……," 对啊、达不到理想<br>又不是今天才开始的事。<br>现在最重要的是、自己能做什么……"
172,,わたしも、谛めずやってみます！<br>今ならわたしの头の中にあるこの情景を<br>描くことが出来る気がするんです！," 我已经不会再放弃自己了！<br>现在的话、我觉得我能把<br>脑海中的情景画出来了！"
173,,……そうか。<br>どうやら吹っ切れたようだな。," ……这样啊。<br>看来你已经走出低潮了呢。"
174,,ええ！　……姬塔さん、<br>悪いけど、しばらく部屋に笼るから。<br>谁も近づけないでくれる？," 嗯嗯！　……姬塔、<br>对不起、我要闭关一段时间了。<br>能请你不要让别人靠近吗？"
175,,えーっと……ルナールさん？<br>急にどうしたんですか？," 那个……露娜露？<br>突然间怎么了？"
176,,わたしは、今のこの気持ちを、思いを、<br>なんとしても一枚の絵に仕上げたいの。<br>お愿い。," 我呢、想要把现在的这份感情、这个想法、<br>画到一幅画里面啊。<br>求求你。"
177,,なるほどなぁ。そういう事なら<br>协力してやろうぜ！<br>な、姬塔！," 我明白了。这样的话<br>我们就会帮忙的！<br>吶、姬塔！"
178,,<span class='scene-font-katari'>今まで见た事が无いほどの気迫に</span><br><span class='scene-font-katari'>満ちたルナールの颜に、姬塔</span><br><span class='scene-font-katari'>は深く颔いて见せる。</span>,<span class='scene-font-katari'>看到露娜露以前从没出现过的</span><br><span class='scene-font-katari'>气势迫人的样了、姬塔</span><br><span class='scene-font-katari'>深深地点了点头。</span>
179,,<span class='scene-font-katari'>そうして、ルナールは</span><br><span class='scene-font-katari'>絵の作成のため部屋に</span><br><span class='scene-font-katari'>笼るようになった。</span>,<span class='scene-font-katari'>就这样、露娜露</span><br><span class='scene-font-katari'>就窝在工作室里</span><br><span class='scene-font-katari'>不出来了。</span>
180,,<span class='scene-font-katari'>时折、心配したルリアが食事の</span><br><span class='scene-font-katari'>差し入れに行くものの、闭ざされた</span><br><span class='scene-font-katari'>扉が开くことはなかったらしい。</span>,<span class='scene-font-katari'>有时、露莉亚会担心她</span><br><span class='scene-font-katari'>而送饭过去给她、但是</span><br><span class='scene-font-katari'>她说工作室的门一次都没有打开过。</span>
182,,<span class='scene-font-katari'>そして、数日后――――</span>,<span class='scene-font-katari'>然后、数日后――――</span>
183,,うーん……ルナールさん、<br>大丈夫でしょうか……あんまり<br>ご饭も食べてないみたいだし……," 唔……露娜露、<br>她没事吧……她好像<br>没怎样吃过东西啊……"
184,,だが、差し入れに行くと反応は<br>あるんだろう？　なら恐らく<br>问题无いだろう。," 但是、你送东西过去时<br>她还有反应的吧？　那就应该<br>没什么问题的。"
185,,でもよぉ、さすがに<br>心配になるよなぁ……," 但是、我真的<br>很担心啊……"
188,,でゅふふふ……<br>出来た……ついに出来たぁ……," 唔呵呵呵……<br>画好了……终于画好了……"
189,,<span class='scene-font-4'>ひゃぁぁぁっ！？</span>,<span class='scene-font-4'>呀啊啊啊啊！？</span>
190,,<span class='scene-font-4'>ウッヒャァァァ！！</span><br>……ってなんだ、ルナールかよ。<br>胁かせやがって！," <span class='scene-font-4'>呃呀呀呀呀！！</span><br>……什么嘛、是露娜露你啊。<br>吓坏我了！"
191,,<span class='scene-font-katari'>数日ぶりに姿を现したルナールの姿は、</span><br><span class='scene-font-katari'>それはそれは酷い有様だった。</span>,<span class='scene-font-katari'>时隔数日再次出现的露娜露、</span><br><span class='scene-font-katari'>那个样子真是惨不忍睹。</span>
192,,<span class='scene-font-katari'>ほぼ眠っていないのか、浓い隈で</span><br><span class='scene-font-katari'>縁どられた目にぼさぼさの头。</span><br><span class='scene-font-katari'>インクで污れた指先。</span>,<span class='scene-font-katari'>可能是因为没睡多少、被黑眼圈</span><br><span class='scene-font-katari'>围绕的眼睛和乱七八糟的头发。</span><br><span class='scene-font-katari'>还有沾满墨迹的指尖。</span>
193,,<span class='scene-font-katari'>明らかに疲労困惫といった様子の</span><br><span class='scene-font-katari'>ルナールだったが、その颜は清々しく</span><br><span class='scene-font-katari'>やりきったような表情を浮かべていた。</span>,<span class='scene-font-katari'>虽然露娜露她看上去十分疲倦</span><br><span class='scene-font-katari'>但是、她的表情却是神清气爽的</span><br><span class='scene-font-katari'>就好像是刚完成了件大事的样子。</span>
194,,ふふ……やっと描き上げたの……<br>今のわたしの、浑身の一枚……," 哼哼……终于完成了……<br>这就是倾尽我现在、所有能力的一幅画……"
195,,どれどれ……？<br>お、おお！？," 让我看看……？<br>哦、哦哦！？"
196,,ふわぁ……！<br>す、すごいです！<br>ジークフリートさん、见てください！,"哇啊……！<br>太、太厉害了！<br>齐格飞先生、你快来看看！ "
197,,ほう……数日前に见た絵とは<br>全く伫まいが违うな。<br>魂の笼った业物の様な気迫がある。," 哦……和几天前看到的<br>完全不同啊。<br>有种寄宿着灵魂的利刃一般的气势。"
198,,<span class='scene-font-katari'>ルナールが差し出した絵は、</span><br><span class='scene-font-katari'>これまでとは明らかに一线を画す</span><br><span class='scene-font-katari'>ジークフリートの肖像画だった。</span>,<span class='scene-font-katari'>露娜露拿出来的画、</span><br><span class='scene-font-katari'>是一张明显和以前不一样的</span><br><span class='scene-font-katari'>齐格飞的肖像画。</span>
199,,その……初めて、想象に近い形まで<br>描きあげることが出来たの。<br>今のわたしの、最高杰作よ。," 那个……第一次、能够画出<br>接近自己理想中的画。<br>这是我现在的、最高杰作。"
200,,こりゃスゲェや！<br>……ちょっとキラキラしすぎてる<br>気がするけどよ。," 这太厉害了！<br>……看着都觉得它有点在<br>闪闪发亮的感觉。"
201,,そうですか？　すっごくかっこよく<br>描けてると思いますよ！　ずっと<br>见てるとドキドキしちゃいそうです！," 是吗？　我觉得这画<br>非常帅气！　盯着看的话<br>都开始有点小鹿乱撞了！"
202,,あの、これ……あなたにあげます。," 那个、这画……我想送给你。"
203,,俺に、か？," 给我、吗？"
204,,あなたに励まされて、わたしは梦を<br>见失わずにいられた。だからその、<br>お礼です。迷惑かもしれないけど……," 因为你的鼓励、我才没有<br>错过自己的梦想。所以这个是、<br>谢礼。虽然可能会让你为难……"
205,,ふふ……これはお前の努力の赐物だ。<br>迷惑などあるものか。<br>……ありがたく顶いておこう。," 哈哈……这个是你努力的结晶啊。<br>我怎可能会觉得为难呢。<br>……我会感激地收下的。"
206,,あ……ああ……," 啊……啊啊……"
207,,ふふ……ほ、微笑み……<br>骑士様の贵重な微笑み……<br>ありがとうございまし……た……," 嘿嘿……微、微笑……<br>骑士大人珍贵的微笑……<br>感谢大人赏赐……啊……"
209,,<span class='scene-font-4'>え……えええぇ！？</span><br>ル、ルナールさん！<br>また倒れちゃいました……！," <span class='scene-font-4'>诶……诶诶诶诶！？</span><br>露、露娜露！<br>她又晕过去了……！"
210,,おいおい、大丈夫……じゃねぇな。<br>ただ寝てるだけっぽいし、<br>そっとしておいてやろうぜ。," 喂喂、你还好……应该没事的。<br>看上去像是睡着了、<br>我们安静一点吧。"
211,,ああ。どうやら、随分と<br>眠れていない様子だったからな……<br>部屋に运んでおいてやろう。," 嗯嗯。看来她、这几天<br>都没有睡过吧……<br>把她送回房间去吧。"
212,,そうだな！<br>しっかし、すげぇ幸せそうな颜で<br>寝てやがるぜ……," 你说的对！<br>不过、她的样子<br>看上去真的很幸福啊……"
213,,<span class='scene-font-katari'>ジークフリートの柔らかな微笑みに、</span><br><span class='scene-font-katari'>一瞬にして颜を真っ赤に染め</span><br><span class='scene-font-katari'>倒れこんだルナール。</span>,<span class='scene-font-katari'>齐格飞温柔的微笑让、</span><br><span class='scene-font-katari'>露娜露一瞬间红透了脸</span><br><span class='scene-font-katari'>倒下了。</span>
214,,<span class='scene-font-katari'>その颜に幸せの笑みを张り付けたまま、</span><br><span class='scene-font-katari'>彼女は妄想という名の梦の世界へと</span><br><span class='scene-font-katari'>旅立ったのだった。</span>,<span class='scene-font-katari'>就这样保持住幸福的笑容、</span><br><span class='scene-font-katari'>在名为妄想的梦中世界里</span><br><span class='scene-font-katari'>开始她的旅程了。</span><br><span class='scene-font-katari'>翻译:mirror0420</span>
info,,1,scene_fate_xro_058_ep1
,,,