id,en,jp,trans
0-chapter_name,,第9章　雲上の水平線,第9章  云端水平线
0-synopsis,,ラカムの知人であり、<span class='scene-font-place'>アウギュステ</span>を守る傭兵達の隊長を務めるオイゲンに事情を話し、解放される<span>姬塔</span>一行。そこで一行は、<span class='scene-font-place'>アウギュステ</span>が現在、エルステ帝国と戦争状態にあることを聞かされる。,<span>姬塔</span>一行向拉卡姆的旧友，保卫<span class='scene-font-place'>Auguste</span>的佣兵队队长欧根交代原委，于是被释放。随后一行人得知<span class='scene-font-place'>Auguste</span>与埃尔斯特帝国正在交战。
1,,"<span class='scene-font-katari'>姬塔達はオイゲンに、帝国に</span><br>
<span class='scene-font-katari'>追われている理由は隠しつつ、空図集め</span><br>
<span class='scene-font-katari'>の旅をしていることを説明した。</span>",<span class='scene-font-katari'>姬塔一行向欧根隐瞒了被帝国追捕的理由，告诉他他们在周游各地搜集空图。</span>
2,,"ファータ・グランデ空域を抜けるために、<br>
空図が必要ねぇ……<br>
ずいぶん難儀な旅じゃねぇか。",要离开这个Phatagrande空域，必须要有空图么……听起来是一场艰难的旅行啊。
3,,"ふふん……<br>
けど、オイラ達の目指す場所は<br>
この空域の外の、さらに先だからな！",哼哼……不过，我们的目标远不止驶出空域，而是在更遥远的地方！
4,,"ファータ・グランデ空域を<br>
抜けるくらいで<br>
難儀だなんて言ってらんねーぜ！",只是离开Phatagrande空域就说艰难，那怎么行！
5,,"あん？<br>
ファータ・グランデのさらに先だと？<br>
ってぇと……どこだったかな……",啊？出了Phatagrande空域再往前？这么说……是要去哪儿啊……
6,,"違うんだ、オイゲン。<br>
姬塔の目指す空は、<br>
そんなところで収まってはいない。",不是的，欧根。姬塔想抵达的天空，远不止这点距离。
7,,"オイラ達の目的地は、<br>
空の果て、<span class='scene-font-spword'>星の島イスタルシア</span>だぜ！",咱们的目的地是天空的尽头，<span class='scene-font-spword'>星之岛Estalucia</span>！
8,,<span class='scene-font-spword'>イスタルシア</span>……？,<span class='scene-font-spword'>Estalucia</span>……？
9,,"……くくく、はははははっ！<br>
大きく出るじゃねぇか、<br>
てめぇら！！",……呵呵呵、哈哈哈哈哈！你们啊，口气倒不小！！
10,,"<span class='scene-font-spword'>星の島</span>か……<br>
そりゃいいな、最高だぜ。<br>
騎空士なら誰もが憧れる、夢の世界だ。",<span class='scene-font-spword'>星之岛</span>么……那可真不错，棒极了。那是每个骑空士都憧憬的梦想啊。
11,,"夢じゃねーっつーの！<br>
なぁ！　姬塔！<br>
オイラ達は絶対に辿り着いてみせるぜ！",才不是梦呢！ 你说呢！ 姬塔！ 我们绝对会抵达的！
12,,"わかったわかった……<br>
だいたい事情は飲みこめたぜ。",好了好了……我大概知道事情的原委了。
13,,"すまねぇなぁ、<br>
問答無用でとっ捕まえちまってよ。",还真对不住了，二话不说就把你们抓起来。
14,,"しかし、驚きだ……<br>
<span class='scene-font-place'>アウギュステ</span>でラカムの知人が<br>
傭兵をやっているとはな。",不过，真让人吃惊……没想到拉卡姆有熟人在<span class='scene-font-place'>Auguste</span>当佣兵。
15,,"グランサイファーの修理に<br>
手を貸してくれた御仁というのは、<br>
オイゲン、貴方のことだったのだな。",帮助拉卡姆修理格兰塞法的高手就是你吧，欧根。
16,,"<span class='scene-font-place'>ポート・ブリーズ</span>を去って、<br>
何してんのかと思ってたけど、<br>
なんでまた傭兵なんかやってんだ？",我还在想你离开<span class='scene-font-place'>微风港</span>之后去做什么了，结果又当起佣兵了吗？
17,,"あー？　そりゃアレだ。<br>
<span class='scene-font-place'>アウギュステ</span>はいま戦争してんだよ。<br>
かの大帝国エルステとな。",啊？ 那是有原因的。<span class='scene-font-place'>Auguste</span>现在在打仗啊。和那个大帝国，埃尔斯特。
18,,"何かと手が必要らしくてな、<br>
騎空艇の修理をしたり、<br>
魔物と戦ったりと大忙しだ。",总之这里缺人手，我就修修骑空艇，或者和魔兽战斗，是个大忙人啊。
19,,"<span class='scene-font-place'>エルステ帝国</span>……<br>
やっぱり、あの黒い騎士さんが、<br>
何かしようとしてるってことかな……？",<span class='scene-font-place'>埃尔斯特帝国</span>……果然，那个黑骑士打算在这里做什么吗……？
20,,"やはりファータ・グランデ空域では、<br>
どこへ行こうとも<br>
帝国の影がある、か……",果然Phatagrande空域不管走到哪里，都甩不掉帝国的影子么……
21,,"なぁ、おっさん。<br>
そうは言っても<br>
ここらは随分平和に見えるぜ？",我说大叔。就算你这么说，这里看着不是挺和平的吗？
22,,"ばっかおめぇ、<br>
オレみてぇな老いぼれが<br>
前線にいるわけねぇだろうがよ？",说什么蠢话呢，我这把老骨头怎么可能去前线啊？
23,,"オレ達の仕事は<br>
主力部隊に代わって<br>
沿岸を魔物やら何やらから守ることよ。",我们的工作是代替主力部队在沿岸防止魔兽之类的入侵。
24,,"ふーん。<br>
こんなおじいちゃんで<br>
本当に島を守れるわけ？",嗯……老爷爷真的能保卫这个岛吗？
25,,"くははは！<br>
そりゃ違ぇねぇ！<br>",哈哈哈哈！我也想说啊！
26,,"ほれ、向こうに魔物が出たってよ。<br>
非力なジジイに代わって、<br>
さくさくっと退治してきてくれ。",看，那边有魔兽来了。快代替我这个力气都使不上的老头赶紧击退他们。
27,,"……え？　ちょ、ちょっと！<br>
なんでそうなるの！？",……咦？ 等、等一下！怎么这样？
28,,"ヘヘッ……<br>
昔から面倒な仕事を押し付けるのが<br>
得意なイヤなおっさんだぜ！",嘿嘿……他以前就是个擅长把麻烦事推给别人的烦人大叔啊！
info,,1,scene_cp9_q2_s10
备注,,,ver-1: @nga 模糊君 uid-42788445 2018/4/9