id,en,jp,trans
0-chapter_name,,第2章　操舵士の決意,第2章  操舵士的决意
0-synopsis,,完全に臨戦態勢となったラカムのおかげもあり、<span>姬塔</span>一行は多勢に無勢で一方的だった戦局を徐々にひっくり返しつつあった。,多亏了完全进入状态的拉卡姆，<span>姬塔</span>一行渐渐扭转了以少敌多压倒性不利的战况。
0,,"さぁ……帝国の兵士も、<br>
数が減ってきたな！",好了……这下帝国士兵也少了很多！
1,,ラカムの奴、結構やるじゃねぇか！,拉卡姆那家伙，还挺厉害的嘛！
2,,"ああ、<br>
これは私もうかうかしていられないな！",是啊，看来我也得拿出真本事了！
3,,"ふふ……<br>
みんなやる気になってますね！",呵呵……大家都很有干劲呢！
4,,"街の入口もすぐそこだ！<br>
姬塔！<br>
このまま一気に突っ切るぞ！",马上就到通往城里的入口了！姬塔！一口气冲过去！
info,,1,scene_cp2_q4_s20
备注,,,ver-1: @nga 模糊君 uid-42788445 2018/4/2