id,name,detail
npc,佐伊,3040092000
special,γ・射线,暗属性伤害(特大)
skill-1,レゾルーション,<div class=prt-text-small>敌单体弱点属性攻击/自身HP越少攻击UP　<span class=text-blue>◆自身的HP越少，弱点属性攻击的伤害越高</span></div>
skill-2,コンジャクション,<div class=prt-text-small>我方全体HP剩下1/不受伤害1回合/吸血效果4回合</div>
skill-3,雷电,敌全体暗属性伤害/随机弱体效果
support-1,調停の使徒,场上战斗成员的属性越多，自身性能UP
skill-lb,LB技能,受到大量伤害时获得幻影効果
,,