id,en,jp,trans
0-chapter_name,第8章　鉄の巨人,,第8章  铁巨人
0-synopsis,必死に師匠を探すイオを援護しながら、<span>姬塔</span>一行は次々と現れる魔物を蹴散らしていく。,,为掩护拼命寻找师傅的伊欧，<span>姬塔</span>一行将不停涌出的魔兽一扫而光。
0,"居たぜ！<br>
さっきのうさんくせぇ野郎だ！<br>
俺達も負けてらんねぇぞ！",,看！是刚才那个可疑的家伙！我们也不能输啊！
1,"<span class='scene-font-4'>師匠ーッ！</span><br>
<span class='scene-font-4'>ねぇどこなの！？</span><br>
<span class='scene-font-4'>ここに居るの！？</span>",,<span class='scene-font-4'>师父——！你在哪里！？在这里吗！？</span>
2,"姬塔！<br>
イオに付いててやれ！<br>
ひとりじゃ危なっかしいぜ！",,姬塔！跟住伊欧！让她落单就太危险了！
3,<span class='scene-font-4'>グオオー！</span>,,<span class='scene-font-4'>咕哦哦哦！</span>
4,"正念場だな！　援護は任せろ！<br>
ここは私がしかと守る！",,紧要关头！ 掩护就交给我！ 我来保护她！
info,1,,scene_cp8_q1_s20
备注,,,ver-1: @煌月夜 2018/4/8