id,en,jp,trans
0-chapter_name,,第3話 無軌道な少年の道標となりて,第3话 成为叛逆少年的榜样
0-synopsis,,街に向かった姬塔とルリアは、途中パーシヴァルと合流し、街の男性から話を聞く。男性は「かつて学院を襲った幽世の軍勢に魔法使いとして敵わなかったことが、不良生徒達が荒んでしまった理由だろう」と語る。その後一行は今にも喧嘩を始めそうな不良生徒達を見つける。毅然とした態度で諭したパーシヴァルは、不良生徒達から「アニキ」と慕われるのだった。,姬塔和露丽亚前往街市的途中与帕西瓦尔汇合，共同从路人口中打听到一些情报。路人表示，幽世的军团袭击学院时，有些学生发现自己根本不是敌人的对手，这种挫败感让他们转而变为不良少年。之后，三人遇上几个不良学生挑衅。但毅然告诫对方的帕西瓦尔被不良少年称为「大哥」而仰慕。
2,,<span class='scene-font-katari'>不良生徒の多くが住んでいるという</span><br><span class='scene-font-katari'>街の一角に到着した姬塔一行。</span>,<span class='scene-font-katari'>姬塔一行来到附近住着许多不良学生的街区。</span>
3,,<span class='scene-font-katari'>そこは、他の街と同様に</span><br><span class='scene-font-katari'>人々が行き交い、</span><br><span class='scene-font-katari'>特に変わった様子は見られない。</span>,<span class='scene-font-katari'>这里与其他地方一样，满街行人，看起来并无异样。</span>
4,,それじゃあ……<br>姬塔、<br>どの人からお話を聞きましょうか。,那么……姬塔，我们要先问谁呢？
5,,ふむ……,嗯……
6,,あれ？<br>あそこにいるの、<br>パーシヴァルさんじゃないですか？,咦？那不是帕西瓦尔先生吗？
7,,パーシヴァルさーん！,帕西瓦尔先生！
13,,ん？　姬塔とルリアか……<br>こんなところで会うとはな。,嗯？姬塔和露丽亚……没想到能在这里遇见你们。
13-sel1_txt,,<span class='scene-font-katari'>何してるの？</span>,<span class='scene-font-katari'>你在做什么？</span>
14,,街の民に話を聞いてまわっている。<br>復興していく街をどのような想いで<br>見守っていたのか知りたくてな。,我在询问街上的居民，他们是怎么看待复兴中的城市的。
15,,それで……<br>お前達のことだ。<br>何か理由があって来たんだろう？,那么……你们呢？你们为什么来这里？
16,,はい！　実は……<br>不良生徒さん達のことを知りたくて、<br>街の人に話を聞きに来たんです。,是这样！我们想了解不良学生的背景，所以想找这里的居民问问的。
17,,でも、どの人に聞けばいいのか、<br>わからなくて……,可是，不知道该问谁呢……
18,,そういうことなら……<br>この街の御意見番のような御仁を<br>紹介してやろう。,这样的话……我带你们去找城里擅长出谋划策的人吧。
19,,<span class='scene-font-katari'>数日の間、</span><br><span class='scene-font-katari'>パーシヴァルは街をくまなく歩き、</span><br><span class='scene-font-katari'>多くの人々と語り合っていた。</span>,<span class='scene-font-katari'>近日，帕西瓦尔走遍全城，与许多人一一交谈。</span>
20,,<span class='scene-font-katari'>その過程でパーシヴァルは、</span><br><span class='scene-font-katari'>古くからこの地域に住む人物と</span><br><span class='scene-font-katari'>知り合ったのだった。</span>,<span class='scene-font-katari'>在这个过程中，帕西瓦尔认识了一位在此地居住已久的人物。</span>
26,,親父殿、いるか！<br>客人を連れてきたのだが…… <br>,先生，您在吗？我带了客人来……
27,,<span class='scene-font-katari'>パーシヴァルは</span><br><span class='scene-font-katari'>部屋の奥へ呼びかけるも、</span><br><span class='scene-font-katari'>なんの返答も返ってこない。</span>,<span class='scene-font-katari'>帕西瓦尔向屋内喊道，但并没有回应。</span>
28,,……お留守みたいですね。,……好像不在家呢。
29,,いや、面倒くさがってるだけだろう。<br>すぐに来る。,不，他只是懒得出来吧。跟我来。
30,,<span class='scene-font-katari'>パーシヴァルの言った通り、</span><br><span class='scene-font-katari'>暫く待ち続けると、男性が部屋の奥から</span><br><span class='scene-font-katari'>気怠そうにしながらやってくる。</span>,<span class='scene-font-katari'>正如帕西瓦尔所说，一行人稍等了一会儿，就有一名男子从屋内走出。</span>
31,,ったく……<br>今日も質問攻めにする気かい？<br>もう十分、この街に詳しくなったろう？ <br>,真是的……今天也要问我很多问题吗？你已经很熟悉这座城市了吧？
32,,フッ、まだ親父殿には敵わん。,哼，还不及先生您。
33,,おや？　今日はお連れさんがいるのか？,哎呀？今天带朋友来了？
34,,騎空団の姬塔とルリアだ。<br>少々、相談に乗ってやってくれないか？,这是骑空团里的姬塔和露丽亚。能请您和我们谈谈吗？
35,,ほぉ……騎空団か。<br>若いのに大したもんだ！<br>で、どんな話かな？,嚯……骑空团吗？小小年纪倒不简单！那么，要谈什么呢？
35-sel1_txt,,<span class='scene-font-katari'>不良生徒について聞かせてほしい</span>,<span class='scene-font-katari'>想请教一下有关不良学生的事情</span>
36,,ああ、それか……,啊，那个啊……
37,,そいつはつまり……<br>どうしてあいつらがグレちまったのか、<br>それを聞きたいってことか？,你们是想问……他们为什么开始自暴自弃吧？
38,,はい！,是的！
39,,まぁ……考えるに……<br>要因は色々とある。,嗯……在我看来……也有各种各样的因素。
40,,だが一番大きかったのは、<br>魔法使いとして、幽世の軍勢に<br>歯が立たなかったことだろうな。,不过，影响最大的，应该是作为魔法使却拿幽世军团根本没有办法一事吧。
41,,え、でも……<br>それはまだ生徒さんですし……,咦？可是……大家毕竟还是学生……
42,,もちろんそうだ。<br>だが、そう思わない奴らもいた。<br>それだけのことさ。,当然了。但是，也有人不这么认为。仅此而已。
48,,天狗になった鼻を折られた連中は<br>復興して変わってく街に<br>ついていけなかったり……,这些感到挫败的人无法跟上城市复兴的脚步……
54,,自棄になったり、反抗したり……<br>まぁ、多感な時期だからなぁ。<br>仲間に感化されただけの子もいる。,于是开始自暴自弃，反抗社会……毕竟是敏感的年龄嘛。当然也有只是对同伴看样学样的……
60,,俺達大人は……<br>復興のため精一杯働いていた。<br>だから……と言えば言い訳になるな……,我们大人……为了复兴已经竭尽所能了。但也不能因此就推卸责任……
66,,情けないことに気づかなかったんだよ。<br>精神的に未熟だったあいつらの心が<br>荒んでいったことを……,可惜我们并没有察觉。精神尚未成熟的他们，内心也是一片废墟……
67,,おじさん……,这位叔叔……
73,,すごく……後悔してましたね……,他好像很后悔的样子……
74,,親父殿だけの責任ではない。<br>これはマナリア王国としても<br>考えていくべき課題だな。,这不只是先生的责任。马纳利亚王国也应该重视这个课题。
75,,あンだコラァ！？<br>テメェ、舐めてンのか！？,你说啥啊！？你看不起我啊！？
76,,<span class='scene-font-katari'>──刹那、路地の方から怒声が響いた。</span>,<span class='scene-font-katari'>——突然，小巷里传来一声怒吼。</span>
77,,パーシヴァルさん！<br>姬塔！,帕西瓦尔先生！姬塔！
78,,姬塔、行くぞ。,姬塔，快来。
82,,<span class='scene-font-katari'>姬塔一行が駆けつけた先では、</span><br><span class='scene-font-katari'>不良生徒同士が互いの額を突き合わせ、</span><br><span class='scene-font-katari'>一触即発の状態となっていた。</span>,<span class='scene-font-katari'>姬塔一行赶到后，看见两个不良少年互相抵着额头，一触即发。</span>
83,,ああン？<br>テメェが先にガンくれたンだろ、<br>コラァ！,啊啊？不是你先来瞪我的吗，喂！
84,,はァン！？<br>テメェ、どこのモンよォ？,啊啊！？你这家伙，是哪个帮派的？
85,,はわわ……,哇啊啊……
86,,おい、少年。<br>なにがあったか話してみろ。,喂，少年。说说发生了什么。
87,,拳を振るうのは、<br>それからでも遅くはあるまい。,要打架，等说完了再打也不迟。
88,,あン、誰だテメェ？<br>これは俺らの喧嘩だ。<br>邪魔すンじゃねェ。,啊？你谁啊？这是我们之间的事。关你什么事。
89,,テメェの相手は俺だろ、コラァ！,你的对手在这里啊喂！
92,,痛ッ！！<br>こンのォ！！,很疼啊！你这家伙！！
94,,<span class='scene-font-4'>貴様ら！</span><br><span class='scene-font-4'>喧嘩をやめろ！</span>,<span class='scene-font-4'>你们两个！吵什么！</span>
95,,……は、はァい……,……呃、是……
101,,<span class='scene-font-katari'>パーシヴァルに一喝された</span><br><span class='scene-font-katari'>不良生徒達は、</span><br><span class='scene-font-katari'>道端に正座させられる。</span>,<span class='scene-font-katari'>帕西瓦尔一声呵斥，让两个不良少年冷静下来后跪坐在路边。</span>
102,,鬱憤を晴らすためだけの<br>暴力など何の意義もない。<br>獣と変わらん。,只为发泄而使用暴力没有任何意义。那和野兽有什么区别。
103,,貴様らも学生の身分ならば、<br>他にやるべきことがあるだろう？<br>その本分から逃げるな。,你们要是学生，应该也有你们自己的任务吧？不要逃避你们的本分。
104,,ウイッス……,是……
105,,子供は国の宝だ。<br>迷うことがあれば、相談しろ。<br>共に進むべき道を探してやろう。,孩童是国家的宝藏。如果心中有迷茫就来找我谈心。我将和你们一起探索应该前行的道路。
106,,ああッ！　こ、この人だ……,啊！就、就是他了……
107,,……オメェも？,……你也？
108,,ん、どうした？,嗯？怎么了？
109,,俺ら……将来の夢、みつけたッス！,我们……找到了未来的梦想！
110,,卒業したら……<br>アニキの舎弟になるッス！,等我毕业了……一定要给大哥做小弟啊！
111,,アニキ……？<br>それは俺のことなのか？,大哥……？你是说我吗？
112,,ウイッス！,是！
113,,フッ、せっかく夢を描くのならば、<br>この空を覆うほどの大志を抱け！,哼，好不容易有个梦想，就给我心怀广阔如天的大志！
114,,俺の背中を追うのであれば<br>大国を支える臣下となるべく精進せよ！,想要追随我，就以能够支撑一国的臣下为目标去努力！
115,,ウイッス！　アニキッ！！,是！大哥！
116,,パーシヴァルさんが、<br>不良さん達の……アニキ……,帕西瓦尔先生，是不良少年的……大哥……
127,,おう、テメェら！<br>気合入れてくぞ、コラァ！,喂，你们！都给我拿出干劲！
128,,<span class='scene-font-4'>夜露死苦ゥゥ！！</span>,<span class='scene-font-4'>夜露死苦！！</span>
129,,ウイッス！　アニキッ！！,是！大哥！！
133,,あ、あはは……,啊、啊哈哈……
134,,<span class='scene-font-katari'>ルリアは妄想を掻き消しながら、</span><br><span class='scene-font-katari'>新たな夢を見つけた不良生徒達を</span><br><span class='scene-font-katari'>優しく見守るのだった。</span>,<span class='scene-font-katari'>露丽亚从妄想中挣脱出来，在旁守望着找到新梦想的不良少年们。</span>
info,,1,scene_evt180831_cp3_q2_s10