id,en,jp,trans
0-chapter_name,,第3話 無軌道な少年の道標となりて,第3话 成为叛逆少年的榜样
0-synopsis,,翌日、職員室で、エルモートはジルに「必要なのは前を向くことだ。教師が不良生徒達に目標を持たせてやるべきだ」と語り、立派な魔法使いになるという、学院に入った時の夢を思い出させてやればいいのでは、と述べる。一方姬塔とルリアも、不良生徒達のことをより理解するため、不良生徒達が育った街へ向かうのだった。,翌日，艾尔蒙德在办公室告诉席尔：「他们需要的是前进的方向。教师要让不良少年们拥有目标」，认为让他们想起入学时的梦想「成为独道一面的魔法使」也许是一条可行的路。这时，姬塔和露丽亚为了更加了解不良少年们，来到他们长大的这座城市。
7,,<span class='scene-font-katari'>ビィとツバサが友情を育み始めた</span><br><span class='scene-font-katari'>翌日のこと──</span>,<span class='scene-font-katari'>在阿碧和翼萌生友谊的翌日——</span>
8,,<span class='scene-font-katari'>エルモートはジルに</span><br><span class='scene-font-katari'>不良生徒達に何をすべきか、</span><br><span class='scene-font-katari'>考えていたことを話していた。</span>,<span class='scene-font-katari'>艾尔蒙德向席尔阐述他对不良学生的看法。</span>
9,,アイツらは今、先の見えねェ闇ン中を<br>彷徨ってるンじゃねェかと<br>思ってなァ……,他们现在就像在黑暗中彷徨……
10,,進ンでんのか後退してンのか、<br>全くわからねェから、<br>ラクな方に流されちまう。,也不知道自己究竟在前进还是在后退，只是哪条路轻松就往哪儿走。
11,,必要なのは前を向くことだ。<br>そうすりゃアイツらは走れる……<br>そういう熱は持ってンだ。,他们需要的是前进的方向。只要有方向，他们就能开始奔跑……这股热情，他们是有的。
12,,だからよォ……<br>教師がアイツらに目標を持たせて<br>やるべきだって思ってなァ。,所以……我觉得教师应该让他们拥有目标。
13,,で……<br>ちょいと親御サンにもまわって、<br>話を聞いてみりゃあ……,所以……我去找他们的父母谈了……
14,,だいたいこのガッコに入るヤツは、<br>立派な魔法使いになるのが<br>夢だっていうじゃねェか。,进入这所学校的学生，大多还是希望成为独当一面的魔法使啊。
15,,だったらよォ……<br>そいつを思い出させてやりゃあ、<br>いいンじゃねェのか？,所以我在想……让他们回想起这点，应该就行了吧？
16,,ふむ……<br>確かにエルモート先生の<br>仰る通りですね。,嗯……艾尔蒙德老师说的对。
17,,我々教師が、<br>彼らを導く灯台にならねばなりません。,我们教师必须去成为指引他们的灯塔。
18,,まァ、口でそう言って、<br>簡単に出来りゃあ、<br>世話ねェンだがな……,说的轻松啊，要是做起来也容易就好了……
19,,ほほほ……,嚯嚯嚯……
20,,あン？<br>何か面白れェこと言ったか？,啊？我说了什么笑话吗？
21,,いえ……<br>やはり私の目に<br>狂いはなかったと思いましてね。,不……我果然没有看错人啊。
22,,エルモート先生は、<br>やはり生徒想いのいい先生です。,艾尔蒙德老师，果然是位为学生着想的好老师。
23,,ハッ、勘弁してくれ……<br>俺は、<br>俺のやりたいようにやってるだけだ。,哈，得了吧……我只是在干我想干的事情。
24,,教師だなンだは関係ねェ……<br>俺様が、見捨てておけねェンだよ、<br>ああいう奴らはな……,这跟是不是教师没关系……我只是没法袖手旁观……
30,,<span class='scene-font-katari'>エルモートとジルが</span><br><span class='scene-font-katari'>語り合っている頃──</span>,<span class='scene-font-katari'>与此同时——</span>
31,,<span class='scene-font-katari'>姬塔とルリアも、</span><br><span class='scene-font-katari'>落級の生徒達のために、</span><br><span class='scene-font-katari'>何か出来ることはないか模索していた。</span>,<span class='scene-font-katari'>姬塔和露丽亚也在寻找他们力所能及的事。</span>
32,,私達も色々考えて、<br>彼らと話をしようとしたんだ。<br>でも……,我们也想过很多办法，想和他们接触。可是……
33,,全然、相手にしてくれなくて……,他们根本不把我们当成一回事……
34,,彼らは、姫様やグレア君のことを<br>もはや別世界の人間であると、<br>そう考えているようです。,在他们眼里，公主殿下和格蕾雅简直是另一个世界的人。
35,,ですから……姫様達が何を言おうと、<br>耳を傾けてくれませんでした。,所以……不管公主殿下她们说什么，对方都不愿意听。
36,,不良生徒さん達とお話しするのも、<br>なかなか難しいことなんですね……,好像和不良学生们交流都很困难呢……
37,,彼らから相手にされない以上、<br>過度な行動は<br>裏目に出る可能性がありますの……,既然他们不把我们当一回事，那么我们再做出格的事情，可能会有反效果……
38,,でも、私達とは違う立場の<br>姬塔さんなら、<br>彼らと交流できるかも知れません。,但姬塔和我们立场不同，也许能和他们交流呢。
38-sel1_txt,,<span class='scene-font-katari'>任せてよ！</span>,<span class='scene-font-katari'>交给我们吧！</span>
39,,心強いお返事、痛み入りますわ。,感谢你能够这么干脆地答应下来。
40,,まずはとにかく……<br>お話しできるような<br>関係にならなくちゃいけませんね……,总之……必须先顺利地和他们进行交流呢……
41,,う～ん……,嗯~……
42,,…………,
43,,あっ！<br>こういうのはどうかな？<br>共通の趣味を見つける！,啊！这个主意怎么样？找一个共同的兴趣！
44,,そうだね……いいかも。<br>私達もピアノがきっかけで<br>仲良くなれたし……,是啊……好主意。我们也是因为钢琴才拉近了距离……
45,,ふふっ、そうそう！,呵呵，没错！
46,,となると……<br>ケッタギアでしょうか？,那么……共同兴趣就是指脚踏机了？
47,,ああ、あの変な乗り物ですね！,啊，是指那个奇异的交通工具吧！
48,,ふふっ、変な、って……,呵呵……你说奇异……？
49,,あ、あと、彼らの育った街で<br>話を聞くというのはどうでしょう？<br>何かわかるかもしれませんわ！,还有，去他们长大的地方问问看吧？也许有什么线索呢！
50,,<span class='scene-font-katari'>姬塔とルリアは、</span><br><span class='scene-font-katari'>グレア達からアイデアを貰い、</span><br><span class='scene-font-katari'>街へ向かった。</span>,<span class='scene-font-katari'>姬塔和露丽亚从格蕾雅等人处获得了提示，向学校外走去。</span>
51,,<span class='scene-font-katari'>街の復興が彼らに何をもたらしたのか。</span><br><span class='scene-font-katari'>その更生の糸口を求めて──</span>,<span class='scene-font-katari'>城市的复兴到底让他们发生了怎样的改变。姬塔和露丽亚需要新的突破口——</span>
info,,1,scene_evt180831_cp3_q1_s10