id,en,jp,trans
0-chapter_name,第8章　鉄の巨人,,第8章 铁巨人
0-synopsis,地下工場の最奥に脈動する大きな力を感じるルリア。その巨大さに<span>姬塔</span>一行は戦慄する。,,露丽亚感受到了于地下工厂最深处脉动的巨大力量。<span>姬塔</span>一行对其感到战栗。
0,"あの、大きなモノから<br>
脈動する力を……感じる。",,感觉那个庞然大物里……有种力量在脉动。
1,"チッ……<br>
悪い予感、的中か。",,切……不好的预感，成为现实了么。
2,ルリア、星晶獣なのか？,,露丽亚，是星晶兽吗？
3,"……解らない。<br>
なんだろ？　これ……",,……不知道。这，到底是什么呢？……
4,"この子……<br>
声が聞こえない……？",,听不见……它的声音……？
5,"師匠はいったい<br>
何を作ってるの……？",,师父到底在制造什么……？
info,1,,scene_cp8_q2_s20
备注,,,ver-1: @nga 模糊君 uid-42788445 2018/4/8