id,en,jp,trans
0-chapter_name,,魔女の見た夢,魔女所见之梦
0-synopsis,,一行は謎の魔女マギサにルリアを連れ去られそうになる。それを止め話を聞くと、マギサは以前見た星の島の夢に焦がれ、ルリアを探していたという。同じ目的を持つ一行とマギサは、旅を共にすることになる。,露莉亚险些被神秘魔女玛姬莎拐走。好在一行人将她制止后得知，玛姬莎痴迷于从前梦见过的星之岛屿，并一直在寻找露莉亚。有着同一个目标的一行人和玛姬莎决定一起旅行。
0,,<span class='scene-font-katari'>旅の途中、とある小さな街を訪れた</span><br><span class='scene-font-katari'>姬塔一行。</span>,旅行途中，来到了某小街道的姬塔一行人。
1,,<span class='scene-font-katari'>用を済ませ、</span><br><span class='scene-font-katari'>騎空艇に乗り込もうとする一行に</span><br><span class='scene-font-katari'>声をかける姿があった。</span>,正当一行人办完要事，准备回到骑空艇时，有人叫住了他们。
2,,ねぇ……<br>ちょっとそこ行くお嬢さん。<br>水色の髪の貴女……そう、貴女よ。,诶......那边的正在赶路的小姑娘。淡蓝色头发的姑娘......对，就是你。
3,,えと……わ、私ですか？,额......是，是我吗？
4,,そう、貴女……やっと見つけた。<br>ずぅっと探してたんだから。,对，就是你...终于找到你了。我找你找了好久了。
5,,へっ？<br>ずっと探してた、って……<br>私をですか……？,诶？一直都在找的人......是......我吗？
6,,おい、まさか、アンタ……<br>ルリアのことを知ってるってのか！？,喂，难到说你......认识露莉亚吗！ ？
7,,あら……「アンタ」なんて失礼な……<br>ああ、そうね……<br>綺麗なお姉さん、じゃ呼びにくいか。,哎呀......张口闭口一个你的......“啊，对了......叫美丽的姐姐，不过也挺拗口呢。
8,,ん、それじゃあ、<br>私のことはマギサって呼んで頂戴。,嗯，那么，就称呼我为玛姬莎吧。
9,,話を戻すけど……<br>私、貴女をずっと探してたの。<br>でも、ようやく見つけたわ。,话说回来......我，一直都在找你。但我终于找到你了。
10,,さぁ、<br>私と一緒に来てもらいましょうか。<br>大丈夫、悪いようにはしないわ。,来，跟我一起走好吗？没事的，我不会对你怎么样的。
11,,えぇっ！？<br>ちょ、ちょっと、待ってください！,诶！ ？等，等一下，请等一下！
12,,そうだぜ！<br>いきなり無茶苦茶言いやがって！<br>まさか帝国の手先か！？,就是啊！突然这样强人所难！难不成你是帝国的爪牙！ ？
13,,帝国？<br>ああ、エルステ帝国のこと？<br>そんなのに興味はないけど……,帝国？哦，是说诶鲁斯提帝国吗？我对那种东西不感兴趣......
14,,ふふ……貴方、なかなか凛々しいわ。<br>良い目をしてる……<br>貴方はこの水色の子の護衛かしら？,呵呵......你，长得还真是俊俏。有着凌厉的眼神......你就是这个浅蓝头发姑娘的护卫吗？
15,,姬塔は、<br>オイラ達騎空団の団長だぜ！,姬塔可是咱骑空团的团长！
16,,そうですっ！<br>こう見えて、結構頼りになるんですよ！,对啊！别看他这样，其实还是挺可靠的哦！
17,,それに……それだけじゃなくって、<br>私とは、その……<br>切っても切れない仲というか……,而且......不仅仅是这样，我和他是，那个......应该说是有一种密不可分的联系还是......
18,,あら……？<br>まさか……へぇぇ！<br>そう？　そうなの？　ふふふ……,哎呀......？难不成......嘿！是吗？是这样吗？呵呵呵......
19,,あっ、えっと、その……<br>本当に変な意味じゃなくて……<br>な、なんでニヤニヤしてるんですか！？,啊，额，那个......真的没有什么很奇怪的意思啦......你，你为什么笑得那么有深意啊！ ？
20,,いいえ？　別に？<br>ふぅん……<br>でも、そうすると困ったわね……,没啊？我有吗？哼嗯......但这样的话就麻烦了啊......
21,,よう、おねーさん！<br>何に困ってるってんだい？,哟，小姐姐！是什么事情麻烦了啊？
22,,げっ……<br>なんだぁ、こいつ……,额......搞什么啊，这人......
23,,なんだ？<br>トカゲの駆除でもしてんのか？,咋啦？你们是在赶蜥蜴吗？
24,,そんなことよりさー！<br>おねーさん、俺と遊ばない？<br>いまちょうど暇してんだよね！,别管这些杂七杂八的啦！小姐姐，要不要和我一起玩啊？我正好闲得慌呢！
25,,あら、貴方……私と遊びたいの？,哎呀，你......想和我一起玩吗？
26,,そうね、それなら……<br>もうひとりお友達がいるんだけど、<br>その子も一緒でいいかしら？,是呢，那么......我还有一个朋友，可不可以让他一起来玩啊？
27,,もちろん！<br>おねーさんみたいな美人のお友達なら、<br>大歓迎だぜ！,当然啦！如果是个像小姐姐一样好看的朋友的话，我热烈欢迎！
28,,そう？<br>大歓迎ですって、良かったじゃない……<br>ねぇ？　モーさん。,这样啊？他热烈欢迎你哦，太好了不是吗......对吧？魔先生
29,,私もちょうど<br>持て余してたところだったの。<br>さぁ、一緒に遊びましょう？,我也刚好有时间空出来了。来吧，让我们一起玩吧？
30,,な……なんだこいつ！？,这......这人搞什么！ ？
31,,私の大切なお友達よ。<br>大丈夫、見た目ほど怖くはないわ。<br>ちょこーっとだけ短気だけど……ね。,他就是我很重要的朋友哦。没事的，他没有看起来那么可怕。只是有那么一点~点暴躁而已......对吧
32,,ふ、ふざけんな！　やってられっか！<br>くそっ……この魔女め！,开，开什么玩笑！谁要跟你玩！靠......你这个魔女！
34,,くすくす……<br>あーあ、またフラれちゃった。,嘤嘤嘤......哎~，又被人甩了。
35,,っと……<br>あんなヘタレはどうでもいいのよ。,嘛......像那种废物怎样都好。
36,,ともかく、私の目的のためには、<br>どうしても、<br>この子が必要なんだけど……,总而言之，为了我的目的，不论如何我也需要这个姑娘......
37,,<span class='scene-font-katari'>姬塔は、</span><br><span class='scene-font-katari'>ルリアとの出会いや、</span><br><span class='scene-font-katari'>これまでの旅を説明する。</span>,姬塔向玛姬莎说明了与露莉亚的邂逅，以及至今为止的旅途。
38,,そう……<br>そういう経緯があったのね。,原来如此......原来是有这样的经历。
39,,それで？　姉さんが言ってた<br>ルリアが必要ってのは、<br>どういうことなんだ？,然后？姐姐所说的需要露莉亚是什么意思啊？
40,,鍵なのよ……ルリアちゃんは。<br>姬塔も知ってるでしょう？<br>ルリアちゃんがどういう存在か。,"露莉亚可是......钥匙啊。姬塔也明白露莉亚是什么人物吧？ "
41,,私はね……焦がれたの。<br>ある晩、夢で見た世界に、<br>どうしようもなく焦がれてしまった。,我啊......可是无时无刻，没有无可救药地痴迷于那天晚上，我在梦里所见到的世界啊。
42,,いまでも思い出せる。<br>香りまでしっかり覚えてる……<br>私は探したわ、夢に見た世界を。,即便如今我也能记起。甚至就连那里的香气也清晰地......我一直都在寻找，我在梦中看到的世界。
43,,まさか……<br>マギサさんが<br>夢で見たって言うのは……,难道说......玛姬莎姐姐在梦里见到的是......
44,,ふふ……<br>私ね、これでも天性の魔女なの。<br>だから特別な夢はたくさん見てきた……,呵呵......别看我这样，我可是天生的魔女哦。所以我梦见过很多特别的梦......
45,,でも、あの世界は、<br>過去でも未来でもなかった……,但是，在那个世界里，既不存在过去也不存在未来......
46,,気づいたとき、<br>さすがにびっくりしたんだから。<br>まさかあれが星の島だなんてね。,等我注意到时，再怎么说也被它震撼到了。没想到那居然是在星星上的岛屿啊。
47,,んなっ……！？,什......！ ？
48,,そういうわけで、<br>私にはルリアちゃんが必要なの。<br>まさか諦めろなんて言わないわよね？,所以，这就是为什么我需要露莉亚。你们该不会要让我死心吧？
49,,私、これでも一途なの。<br>こうと決めたらどんな手を使ってでも、<br>絶対に譲ったりしないわ。,别看我这样，我也是挺专一的。一旦下定决心了就无论使什么样的手段，都绝对不会让步。
50,,さぁ……<br>良い返事を聞かせてくれるかしら？,那么......你能给我一个满意的回复吗？
50-sel1_txt,,<span class='scene-font-katari'>じゃあ、一緒に行こう</span>,那么，我们一起去吧
50-sel2_txt,,<span class='scene-font-katari'>ルリアは渡さない</span>,露莉亚不能交给你
51,,一緒に……？<br>私が姬塔達と？,一起......？我和你们吗？
52,,そりゃいいや！<br>目的地は一緒なんだし、<br>みんなで行こーぜ！,就是啊！反正目的地也是一样的，大家一起去吧！
53,,は、はわわ……,哈，哈哇哇......
54,,凛々しいわね……蕩けちゃいそう。<br>でも、交渉は決裂ね。,真是果敢啊......我的心都要融化了。不过，谈判失败了呢。
55,,ま、待てって！<br>そんなら姉さんもオイラ達と<br>一緒に来ればいいんじゃねーか！？,等，等等！那姐姐也跟咱们一起去不就好了吗！ ？
56,,そう……ふふ、そうね。<br>面白い提案……いえ、名案ね。,这样......呵呵，是呢。有意思的主意......不，是个好点子呢。
57,,それなら遠慮なく、<br>私も姬塔達の旅に、<br>ご一緒させてもらおうかしら。,那么我就不推脱了，就让我加入你们一行人的旅途中来吧。
58,,姬塔は、<br>なかなか頼もしいみたいだし、<br>私を後悔させないで頂戴ね？,姬塔你看上去也蛮值得依靠的，可不要让我后悔哦？
59,,<span class='scene-font-katari'>思わぬところで、</span><br><span class='scene-font-katari'>同じ目的を持つ仲間を得た</span><br><span class='scene-font-katari'>姬塔。</span>,在意想不到的地方，收获有着同样目标的同伴的姬塔。
60,,<span class='scene-font-katari'>見果てぬ地を目指し、</span><br><span class='scene-font-katari'>姬塔一行は空を進む。</span>,朝着遥不可见的地方，姬塔一行人向天空进发。
info,,1,scene_fate_chr051_ep1
,,,