id,en,jp,trans
0-chapter_name,Winging It,翼をください,请给我翅膀
0-synopsis,"The crew arrives at the Rooster Temple only to find the temple guardian, Mahira, is nowhere in sight. They run into her on the way back to the ship, and she joins the crew to learn more about airships.",西の神社へ参拝に赴いた姬塔一行。するとそこで、十二神将のひとりであり、物体を宙に飛ばせる不思議な少女マキラと出会う。マキラは個人用の超小型騎空艇を開発するという夢を持っており、グランサイファーの構造が参考になるとわかると、一行と共に旅をしながら勉強することにするのだった。,姬塔一行人前往西の神社参拜。然后在那里遇到了十二神将之一，拥有能让物体飞向空中能力的神秘少女玛琪拉。玛琪拉有一个开发个人用超小骑空艇的梦想，为了学习格兰塞法的构造加入到了旅行中。
5,"During their travels 姬塔 and the crew visit one of the temples of the Twelve Divine Generals. With this year as the year of the Rooster, they head to the West.",<span class='scene-font-katari'>旅の途中、</span><br><span class='scene-font-katari'>今年も十二神将の神社に赴こうと、</span><br><span class='scene-font-katari'>恵方である西の方角を目指す一行。</span>,旅行途中，今年也要前往十二神将的神社。今年要拜访的福神所在的方向是正西方。
6,But they notice something strange when they arrive at the temple.,<span class='scene-font-katari'>だが西の神社、鳥神宮に到着すると……</span>,然而到达西の神社鸟神宫之后......
7,"During their travels 姬塔 and the crew visit one of the temples of the Twelve Divine Generals. With this year as the year of the Rooster, they head to the West.",<span class='scene-font-katari'>一行は旅の途中、</span><br><span class='scene-font-katari'>霊験あらたかな十二の神社の噂を聞き、</span><br><span class='scene-font-katari'>今年の恵方に当たる西を目指していた。</span>,一行人在旅行途中听说了关于灵验的十二神社的传闻，并向着今年福神所在的西方行驶。
8,"Upon arriving at the Rooster Temple, the crew learn they can receive a blessing to protect them from any ailment. But then they notice something strange.",<span class='scene-font-katari'>そこにある鳥神宮を参拝すれば、</span><br><span class='scene-font-katari'>無病息災の福を授かれるそうだが……</span>,据说参拜那里的鸟神宫的人将获得免受病痛，拔除灾祸的祝福......
14,The guardian...,神主さんが……,神主她......
15,She's gone?,行方不明だって？,你说她失踪了？
16,Yes. And we don't know where she went. That's what's causing all this commotion.,そうなのよ。<br>お陰で境内が大混雑しててね。,是啊。就因为这个现在这片区域已经一片混乱了。
17,"She's always been one to disappear without a word, but this time no one can figure out where she went.",姿を眩ますのは日常茶飯事だけど、<br>どこにいるのか誰も掴めないそうだよ。,虽然每天都能见到她，但是没人能掌握她的确切位置。
18,"Well, she is the Queen of the Roosters... Maybe she's out flying around the sky.",まあ、鳥神宮の十二神将様だし……<br>きっと空を飛んでいらっしゃるんだわ。,嘛~既然是鸟神宫的十二神将......她一定正在天上飞吧。
19,She does indeed have strange and mysterious powers. But that's what I came here hoping to see.,不思議な力の持ち主みたいだしね。<br>その光景も拝みたかったんだけどなあ。,她似乎有一种神奇的力量。我正是想看那个才来参拜的。
20,We'll just have to come back another day. Be careful on your way home!,とりあえず僕達は日を改めるよ。<br>境内に向かうなら気をつけてね。,总之我们决定改天再来了。你们前往境内时要小心哦。
22,Oh... What do we do now?,う～ん……<br>ど、どうしましょうか？,唔~嗯……我，我们现在该怎么办呢？
23,"More importantly, why is that girl always gone? Sounds like we came all this way for nothin'.",っていうか……<br>行方不明が日常ってなんだよ？<br>折角ここまで来たってのによ。,话说......她总是行踪不明是怎么回事啊？我们都特意来到这里了。
24,Ahaha... But they said she was here early this morning.,あはははは……<br>今日も早朝まではいたみたいですけど。,啊哈哈哈......但是有人说今天早上还见过她。
25,Oh well. We'll just have to stop by again some other time. Let's head back to the ship!,はぁ、しょうがねぇ……<br>オイラ達も日を改めるか。<br>いったんグランサイファーに戻ろうぜ。,哼、没办法...... 今天我们就先回格兰塞法吧。
26,Can we go through that forest on the way back? I really want to walk through there!,あ、じゃあ森を通って行きませんか？<br>とってもおさんぽしたかったんです！,啊，那我们能走森林回去吗？我无论如何都想去那里看看！
27,"That one with the temple path? That did look nice! Come on, 姬塔. Let's head that way!",あぁ、参道にあった森か？<br>確かに綺麗なとこだったな。<br>そうしようぜ、姬塔！,啊，是道路那边的森林吗？看上去确实是一个美丽的地方。我们就从那里回去，姬塔！
35,Doodley-dooo!,ふんふふーん♪,哼~哼哼哼哼~哼哼哼哼哼哼~哼♪♪
36,"You're really gettin' into this walk, Lyria. You're practically makin' circles around us!",ご機嫌だなぁ、ルリア。<br>あちこち歩き回ってらぁ。,心情很好啊、露利亚，蹦蹦跳跳的。
37,"Hehe! I just like crunching all the leaves. <span class='scene-font-italic'>Crunch, crunch, crunch.</span>",うふふ！<br>この落ち葉を踏む音が楽しいんです。<br>かしょん、かしょん、かしょんって。,诶嘿嘿！我喜欢听踩到落叶时的声音。 咔咻，咔咻，咔咻的。
38,Haha. I always thought it was more of a <span class='scene-font-italic'>crinch</span> sound.,ははっ、かしょん？<br>オイラにはガシャリって聞こえるぜ？,哈哈，咔咻吗？我觉得更像咔唦啉的声音哦？
39,"It's a <span class='scene-font-italic'>crunch</span>! Okay, listen closely now...",かしょんですよー！<br>じゃあいいですか、耳を澄まして……,是咔咻的声音哦！那再来一次，你仔细听好了哦......
40,"One, two, thr—",せえの──,一、二──
44,Ah! See? That was a crunch!,はわぁ！？<br>ほ、ほら、かしょんですよね……？,哈哇 ？你听，这不是咔咻......的声音吗......？
45,That wasn't a leaf! That sounded like an explosion on the other side of the forest!,今のは落ち葉じゃねぇだろ！<br>森の奥で爆発があったみたいだぜ！？,刚才那个才不是落叶的声音！森林里面似乎有什么东西爆炸了！ ？
48,Smoke begins to billow up in the distance. At its source is a heap of broken machinery with a girl stuck underneath.,<span class='scene-font-katari'>煙が立ち込める森の片隅……</span><br><span class='scene-font-katari'>そこには壊れた機械の山と、</span><br><span class='scene-font-katari'>その残骸に埋れた少女の姿があった。</span>,烟雾从森林的一角升起......那里有一座由破碎的机器堆成的山，有一个女孩被埋在了废墟里面。
49,Not again...,また失敗です……,又失败了啊......
50,How am I supposed to stabilize this thing? Is something wrong with the wing-to-power ratio?,どうすれば安定するんでしょう？<br>翼と動力機関のバランスが問題？,我该怎么让它稳定下来？是机翼和动力引擎之间的平衡的问题吗？
51,Sigh. The sky looks so far away now.,はぁ。<br>空、遠いなあ。,哈啊。天空，好远啊。
54,Oh no! Is there a girl caught under that machine?,あ、た、大変です！<br>女の子が下敷になってますよ！？,啊，不好了！在废墟下面有一个女孩子！ ？
55,Yikes! We gotta get her outta there before she gets crushed!,うわぁ、なんてこった！<br>瓦礫の山が崩れる前に助けるぞ！,哇，这什么情况！在瓦砾山崩塌之前我们快去把她救出来！
56,Hmm. I'd better run my equations again. I guess I could draw them up on the ground...,まずは検算しないと。<br>あ、そか、数式は地面に……,首先进行检查。啊，对了，我可以把算式写在地上......
57,Cock-a-doodle-dum. Wing-a-doodle-fly.,──紅頚黄鼓、光慧航行。,─红頚黄鼓、光慧航行。（咕咯咕咕、咕咯咕咕。）
62,"Upon reciting these words, the machine begins to levitate in the air. The equations inscribed on the ground soon float off like clouds dissipating in the sky.",<span class='scene-font-katari'>少女が何か念じると、</span><br><span class='scene-font-katari'>機械の残骸がふわりと宙に浮き、</span><br><span class='scene-font-katari'>雲が流れるように飛び去っていった。</span>,少女念着这些咒语，机器的残骸浮到了空中，像云朵一样流动着飞走了。
63,"In the spot where the equations once were, a massive formula begins to emerge.",<span class='scene-font-katari'>そして空いた地面には、</span><br><span class='scene-font-katari'>長大な数式が書かれているのが見える。</span>,然后，在空地上有一个长长的算式。
64,Huh? It's up and running again!,えっ！？<br>ぷかぷか飛んでっちゃいましたよ……？,诶！ ？轻飘飘的就飞走了诶......？
65,What the... I've never seen magic like that before! Hey! Are you all right over there?,なんだぁ……？<br>あんなの魔法でも見たことねぇぞ？<br>な、なぁ嬢ちゃん、大丈夫なのか？,那什么啊......？我从未见过刚才那种魔力！那个，小姐姐，你还好吗？
66,"Yes, yes. My calculations were right on target.",そですね。<br>計算自体は合ってました。,就是这样。计算本身是对的。
67,"Umm... We're a crew of skyfarers on an adventure. If you're having some trouble, we could...",うん？<br>あ、あの、私達は旅の騎空団です。<br>何か困ってることがあるなら……,唔？那，那个，我们是旅行中的骑空团。有什么需要帮助的吗......
68,So that was the problem. I just had to eliminate some of the static variables from earlier.,そでしたか。<br>前提条件を変えてみますね。,这样的话，我就需要改变前提条件了。
69,The girl proceeds to sit down and draw up some new equations.,<span class='scene-font-katari'>少女はペタリと地面に座り込み、</span><br><span class='scene-font-katari'>数式に新たな計算を加え始める。</span>,女孩啪噹的坐到地上，开始为算式添加新的计算。
70,She sure is in her own little world. I can't believe she's the one that caused that explosion...,マ、マイペースなヤツだなぁ。<br>まさかさっきの爆発の原因は……,她…完全沉浸在自己的世界里呢。难道刚才爆炸的原因是......
71,"Oh, sorry about that. I was just tweaking one of my machines. It's a little hobby I have.",あ、ごめんなさい。<br>趣味で機械いじりを少々。,哦，抱歉。机械是我的一点兴趣爱好。
72,Is that right? What about that mysterious power we saw you use?,そうだったんですか。<br>じゃあ、その不思議な力は……？,原来是这样吗？那，刚才那个神奇的力量是......？
73,We call it <span class='scene-font-italic'>floatification</span>. It lets us make otherwise inanimate objects take flight.,一族は「飛力」って呼んでます。<br>物体を飛ばせるんです、なんか。,我们一族称之为“飞行力量”。可以让物体飞起来、什么的。
74,You can make stuff fly? Are you from the Rooster Temple?,なんか飛ばせるってなんだよ……<br>ってことは鳥神宮の関係者なのか？,让东西飞起来什么的是什么啊......那与鸟神宫有什么关系吗？
75,You could say I'm the Queen of the Roosters.,主です、一応。,我就是鸟神宫的主人、可以这么说。
76,"Oh, okay...<br>Hey, wait a sec!",あぁ、なるほどな……,哦，是这样啊。
77,<span class='scene-font-italic'>You're</span> the <span class='scene-font-italic'>queen</span>?,って、お前が主かよ！？,鸟神宫之主就是你啊！ ？
78,"Uh, yeah. I'm Mahira. Pleasure to greet you.",そですよ？<br>マキラです、どぞよしなに。,就是这样哦。我叫玛琪拉，请随意。
79,"Greet? Umm, the pleasure's all ours!",よしな……？<br>えっとこちらこそ、どぞよしなです！,随意....？那个，这边也是，请随意！
80,"So what's the deal with that machine? There's been trouble up at the temple, ya know.",で、なんで機械なんか弄ってるんだ？<br>鳥神宮が大変なことになってるのによ。,那么，你为什么在这里摆弄机器？鸟神宫那里都有大麻烦了。
81,Trouble?,大変……？,大麻烦......？
82,"Since you haven't been around, the visitors have been getting really backed up.",マキラさんがいないので、<br>参拝客の人達が大混雑してて……,因为没有玛琪拉酱在，所以来参拜的游客们一片混乱......
83,Visitors?,参拝客……？,参拜者......？
84,...,…………,............
85,"Ah, right. I guess it is the start of the new year.",あ、なるほどです。<br>そういえば明けてましたね、年。,啊，我知道了。说起来要过年了唉。
86,What! You mean you forgot?,んなっ！？<br>年始だってことを忘れてたのかよ！？,什么！ ？你竟然忘了年始的工作？ ？
87,"A rookie mistake, I know. I guess I'd better hurry back...",まだまだ半熟ですね。<br>では急いで戻らないと……,我还不够熟练呢。那么我要马上回去了......
89,"Wait, Mahira! We'll go with you!",あ、マキラさん！<br>私達も一緒に行きまーす！,啊，玛琪拉酱！我们也一起去！
91,"All right, 姬塔! Put the pedal to the metal!",よぉし、姬塔！<br>オイラ達も全速力で──,好，姬塔！ 我们也全速──
92,"Huh? Wait, why are we running? We should just have Mahira float us there.",うん？<br>っていうか、なんで走ってるんだ？<br>飛力で空を飛んでけばいいのによ……,嗯？说起来她为什么用跑的？用飞行的力量飞回去就好了......
98,"Mahira and the crew soon arrive back at the Rooster Temple. Seeing that the queen has returned, the visitors breathe a sigh of relief, alleviating the tension that had filled the air.",<span class='scene-font-katari'>鳥神宮に戻って来た一行とマキラ。</span><br><span class='scene-font-katari'>参拝客はホッと安堵の溜め息をつき、</span><br><span class='scene-font-katari'>ひとまず場の混乱は収まっていった。</span>,一行人跟着玛琪拉回到了鸟神宫。参拜者们见到神主都松了一口气，会场的混乱渐渐平息了。
99,Thank you. With your help I was able to return here and fulfill my role as guardian.,ありがとうございます。<br>お陰様で年はじめの「お役目」は、<br>無事に務めることが出来そうです。,非常感谢。多亏了你，今年神主的工作也顺利的完成了。
100,You'll have to come by and see me again sometime. Who... are you again?,今度、是非お茶会を。<br>ところで、えと、貴方達は……,这一次，该我请你们参加茶话会了。顺便问一下，那个，你们是......
101,Ahahah... We're a skyfaring crew!,あはははは……<br>はい、私達は旅の騎空団です。,啊哈哈、啊哈哈哈哈哈 ......那个，我们是旅行中的骑空团。
102,"Oh, right. You mentioned that earlier, didn't you? Sorry, my memory's just so fuzzy, I—",そでしたね、ごめんなさい。<br>私は記憶がぶきっちょうで──,就是那个，你们刚才说过的。对不起。我有点记不清──
103,"Wait, you're a crew?",ん？<br>騎空団……？,嗯？骑空团......？
104,"Yeah, that's what we've been tryin' to tell ya! Why? You got something for us?",あぁ、そう言ってるだろ。<br>なんか依頼でもあるのか？,啊，就是刚才说的那样。你有什么需要我们帮忙的吗？
105,"Uh, yeah. There is a matter I would like to discuss with you...",あ、はい。<br>是非とも相談したいことが……,啊，是的。我有些事想问一下......
106,I'll explain more later. Wait by the docks and I'll meet with you after I see to these visitors.,後で説明しますので、<br>港で待っててもらえると。<br>参拝客が引けた頃に伺います。,我稍后会解释，请大家先在港口等一下。我安顿好参拜客后就来找您们。
112,"Night falls, and Mahira finally stops by the Grandcypher.",<span class='scene-font-katari'>そうして夜を迎えた頃、</span><br><span class='scene-font-katari'>グランサイファーにマキラが現れる。</span>,然后夜晚降临，玛琪拉来到了格兰塞法上。
117,"With a curious look on her face, she explains her request and asks for a tour of the ship.",<span class='scene-font-katari'>すると彼女は神妙な様子で、</span><br><span class='scene-font-katari'>一行に相談事を持ちかけた。</span><br><span class='scene-font-katari'>「騎空艇を見学させてほしい」と。</span>,玛琪拉的表情似乎很微妙，她提到了之前说的委托。 “我想在这艘骑空艇上参观学习”。
118,"After she comes aboard, Mahira explains about herself and her role in the sky.",<span class='scene-font-katari'>まずマキラは鳥神宮の由緒と、</span><br><span class='scene-font-katari'>自身の役割について説明した。</span>,首先，玛琪拉解释了鸟神宫的历史和她的职务。
119,"People come to the temples to pray for health, peace, and prosperity over the coming year.",<span class='scene-font-katari'>今では一年の平和を祈り、</span><br><span class='scene-font-katari'>無病息災の福を授かる場所として、</span><br><span class='scene-font-katari'>人々に親しまれている神社だが……</span>,鸟神宫是被人们所熟知的圣地。人们来这里祈祷今年一年的和平，接受免受病痛、拔除灾祸的祝福......
120,"However, the temples were actually built after the War to watch over both the Sky Realm and the Astral Realm.",<span class='scene-font-katari'>本来は覇空戦争の後に、</span><br><span class='scene-font-katari'>空の世界と星の世界の境界を</span><br><span class='scene-font-katari'>監視するために作られたのだという。</span>,起初它是在霸空战争之后为了监视空之世界和星之世界而建造的。
121,"The temples at the twelve cardinal points are governed by the Twelve Divine Generals, each taking turns as guardian from year to year.",<span class='scene-font-katari'>そして十二の方位にある各神社には、</span><br><span class='scene-font-katari'>十二神将たる「お役目」が遣わされ、</span><br><span class='scene-font-katari'>年ごとに「歳神」として任命される。</span>,在十二个方位都有神社，十二神将作为“重要的守护神”被派遣到对应的神社，被任命为当年的“岁神”。
122,"This year is the year of the Rooster Temple, making Mahira the guardian.",<span class='scene-font-katari'>今年はマキラが、</span><br><span class='scene-font-katari'>その大役を務める事になったのだが……</span>,今年就是玛琪拉担任守护神这个重要职位。
123,"After finishing her explanation, she makes her request to the crew and asks for a tour of the ship.",<span class='scene-font-katari'>そこで彼女は言葉を切り、</span><br><span class='scene-font-katari'>先の相談事を持ちかけた。</span><br><span class='scene-font-katari'>「騎空艇を見学させてほしい」と。</span>,然后她停了一下，说起了之前提到的事。「我想参观这个骑空艇」
124,Haha! This is the part of the ship that cuts through the wind! And look! You can see your temple from here!,ははっ！<br>これが風を切るってヤツだぜ！<br>ほら、嬢ちゃんの神社も見えるぞ！,哈哈！“在这里吹风也是骑空艇的一部分！看，这里可以看到小姐姐的神社！
125,...,…………,............
126,"Hey, why are you starin' at the wings like that?",って、おいおい……<br>なんで翼ばっかり見てんだよ？,嘿，喂......你为什么一直盯着机翼看啊？
127,"The ratio of main wing to rear wing size... It's beautiful. ",美しいです……<br>主翼と尾翼の比率が、とても。,那个很漂亮......主翼和尾翼的比例很好看。
128,"Y-you think so? You really love machines, don't you?",そ、そうなんですか？<br>やっぱり機械に興味があるんですね。,是，是这样吗？果然对机械更感兴趣啊。
129,"I've studied all kinds of airships, but this one has particularly exquisite form and balance.",騎空艇は色々勉強しましたけど、<br>この艇は絶妙なバランスというか……,我虽然研究过各式各样的骑空艇，但这艘船绝妙的平衡感是第一次见到......
130,That must be nice. I wish I could fly through the sky too...,いいな……<br>自分で空、飛びたいな……,真好啊......我也想自己能在天上飞啊......
131,"Huh? You can, can't you, Bird Girl?",うん？<br>出来るだろ、鳥の嬢ちゃんなら。,哦？你做不到吗，鸟神的小姐姐。
132,Uh...,う……,唔......
133,"Well, you'd think so, wouldn't you?",そですよね……<br>期待しますよね、普通……,应该是这样的......我也这样期待着，能普通的飞......
134,I'm from the Rooster Temple after all... And I've got all kinds of powers...,鳥神宮なのに……<br>いかにもな力もあるのに……,明明是鸟神宫的神将......还有强大的力量......
135,"Um... Is something wrong, Mahira?",え、えっと、マキラさん？,诶?那个、玛琪拉酱？
136,But I can't do it. I can't make myself fly.,出来ません。<br>自分は飛ばせないんです、なんか。,我做不到。我不能让自己飞起来，什么的。
137,"The crew gives Mahira a strange look, and she goes on to bashfully explain the real problem.",<span class='scene-font-katari'>一行が首を傾げる中、</span><br><span class='scene-font-katari'>マキラは静かに本題を語り始める。</span>,骑空团一行人看向她，玛琪拉平静的开始解释。
138,"When most people hear my backstory, they tend to assume I can fly.",私の来歴を知ると、<br>概ね皆さん思い込むみたいなんです。<br>「空を飛ぶんだろう」って……,在得知我的身份后，似乎每个人都这么认为。 “我能飞上天空”......
139,"But it's simply not possible. And when I tell people that, they can hardly believe it.",でも、無理なので。<br>訂正すると「えっ？」って顔されて。,但是，这是不可能的。听过我的解释后他们的反应都是“诶？”
140,I feel like I've had this conversation a million times...,今まで何度、<br>そんなやりとりを繰り返したことか……,已经不知道有多少次，我向人解释这个问题了......
141,Oh... Sounds like it's been a sore spot for you your whole life. Sorry for bringin' it up.,う、う～ん……<br>いわゆるコンプレックスってヤツか？<br>すまねぇ、悪いこと言っちまったぜ。,唔......那好像有很复杂的原因？对不起，我说了不该说的话。
142,That's okay. Most people wouldn't give it a second thought.,あ、いいんです。<br>普通そんな悩み事、思いつきませんし。,哦，没关系。这只是普通的烦恼，我并不在意。
143,So then that thing you were building in the woods... Was that a ship?,じゃあ、ひょっとして……<br>あの森で作ってた機械は艇と関係が……,那么，也就是说......你在那片森林里制造机械的船与这有关......
144,That's right. I was building a miniature airship just for me.,そですね。<br>個人用の「超小型騎空艇」です。,没错。那是一艘个人用的“超小型骑空艇”。
145,Whoa! <span class='scene-font-italic'>A miniature airship?</span>,んなっ！<br>超小型騎空艇だって！？,什么！超小型的骑空艇吗！ ？
146,That's amazing! You really are one of the Twelve Divine Generals!,す、すごいです……！<br>さすが十二神将さんです！,太，太厉害了......！不愧是十二神将！
147,"No, it's only amounted to a series of failures. I'm still too much of an amateur.",いえ、それが失敗ばかりで。<br>所詮はアマチュアの技術っていうか。,不，那只是失败品。毕竟我只有业余的技术。
148,But maybe I could use this ship as a reference...,でも……<br>この艇の構造を参考にすれば……,但是......如果参考这艘船的结构......
149,"You're all trying to go to the island of the Astrals, right?",姬塔君達は、<br><span class='scene-font-spword'>星の島</span>を目指してるんですよね？,姬塔你们的目标是去星之岛，不是吗？
150,Yeah! But we're goin' to all kinds of other places too!,あぁ！<br>でも団員達も色んな目的を持ってるぜ！,啊！但是团员们也各有各的目标！
151,"Is that so? Well, then... if I might make another request...",そなんですか？<br>ではでは私も……<br>えと、改めて頼みたいことがあります。,是这样吗？那么那么......我...我想再拜托一些事。
152,Could I... disassemble the Grandcypher?,グランサイファー……<br>分解してもいいですか？,格兰塞法 ...我可以拆了它吗？
152-sel1_txt,You're very welcome to!,<span class='scene-font-katari'>大歓迎だよ！</span>,我们大欢迎的哦！
152-sel2_txt,Are you nuts?,<span class='scene-font-katari'>なんだって？</span>,你说什么？
153,"Really? Oh, thank you!",本当に？<br>ありがとうございます！,真的吗？非常感谢！
154,Yay! Mahira's coming with us and—,わぁい！<br>マキラさんも一緒に旅を──,耶！玛琪拉酱也一起旅──
155,"Wait, wait, wait! Did you even hear what she said? She wants to take apart the ship!",おいおいおい！？<br>ちゃんと聞いてたのかよ！<br>分解とか言ったぞ、この嬢ちゃん！,喂喂喂！ ？你们听清好吗！她刚才说的是拆了啊，这位小姐姐！
156,So is that a no?,あ、駄目でした？,啊，不可以吗？
157,Well... I would only disassemble it a little bit...,あ、分解を少々……,啊！就只拆一点点......
158,"Ah... Hahaha... Sorry, Mahira. That's, uh...",あ、あはははは……<br>すみません、それはちょっと……,哇，啊哈哈哈哈......对不起，那个有点......
159,That's not something you just up and ask someone...,軽い調子で、<br>とんでもねぇこと言ってんなぁ……,那种事情，怎么说也太离谱了吧......
160,"If you want to know more about our ship, then maybe you should come along with us!",この艇のことを知りてぇなら、<br>嬢ちゃんも一緒に旅すりゃあいいだろ？,如果你想了解这艘船，小姐姐也和我们一起旅行不就好了吗？
161,Why didn't I think of that? That's a much better idea. Let's do that.,盲点……！<br>なるほどですね、ではそれで。,盲点......！原来还可以这样啊，那么。
162,You can ask Rackam and the rest of the crew everything you want to know!,操舵士のラカムさんとか、<br>艇に詳しい団員さん達に、<br>色々聞いてみましょうか！,操舵士是拉卡姆先生，有关骑空艇的详细情况，你也可以问我们的团员各种各样的事！
163,Hehe. Splendid. I haven't been able to talk with anyone about flight technology or aerodynamics before.,あはは、嬉しいです。<br>機械技術とか空気力学とかの話、<br>今まで誰とも出来なかったので。,哇哈哈，我很高兴。有关机械技术和空气动力学的话题，至今为止都没有人能和我讨论。
164,"Whew. Bird Girl is definitely smart, but she's definitely also... kinda weird.",ふぃ～……<br>頭が良いんだか、なんなんだか……<br>変わった嬢ちゃんだぜ。,喂......虽然头脑很聪明，但是怎么说呢......真是一个奇怪的小姐姐。
165,"Having overcome her worries about never being able to fly, Mahira takes her dream of building a miniature airship and boards the Grandcypher.",<span class='scene-font-katari'>夢の超小型騎空艇を作り、</span><br><span class='scene-font-katari'>長年のコンプレックスを打破するため、</span><br><span class='scene-font-katari'>一行の旅に加わることになったマキラ。</span>,为了梦想中的超小型骑空艇，解决长年以来遇到的难题，玛琪拉加入了一行人的旅行中。
166,"She joins the crew on their journey forward. Though she might perplex them at times, her passion will surely push them farther than ever into the deep blue sky.",<span class='scene-font-katari'>時に団員達を困惑させつつも、</span><br><span class='scene-font-katari'>その情熱は空に向かって迸るのだった。</span>,虽然她有时候会提一些让会员感到困惑的问题，但她的那份热情也让她朝着天空进发了。
info,1,1,scene_fate_chr350_ep1