id,en,jp,trans
0-chapter_name,,第40章　謀略の果て,第40章  谋略终结
0-synopsis,,黒騎士は、ルリアをこの場に呼ぶための駒でしかなかった。ルリアとオルキス、世界を改変するための２つの鍵を揃えたフリーシアはオルキスにアーカーシャの起動を命ずる。そして世界を歪めようと力を解き放たんとした瞬間、オルキスの脳裡に浮かんだのは、姬塔達と過ごした思い出だった。オルキスに芽生えた迷いが姬塔らを解放した。うろたえるフリーシアの隙を突き、一行はルリアとオルキスを奪還する。,黑骑士不过是芙莉西雅将露丽亚引导至此的诱饵。现今芙莉西雅凑齐了露丽亚与欧尔基斯这两把钥匙，命令欧尔基斯起动阿卡夏改变世界。扭曲世界力量即将解放的瞬间，欧尔基斯脑海中浮现的是与姬塔等人留下的回忆。欧尔基斯萌生的迷惘为姬塔等人创造了机会。众人趁机从芙莉西雅手中夺回了露丽亚与欧尔基斯。
0,,ぐ……げふっ……<br>さ、宰相閣下……,唔……咳……宰、宰相阁下……
1,,お、恐れながら申し上げます……<br>先ほどの「マリス」の攻撃で、<br>我が軍にも多数の負傷者が……,向您禀报……我军因方才「恶意」的攻击，出现众多伤者……
2,,それが？,然后呢？
3,,は……？,哈……？
4,,それが、どうしたというのですか？<br>役立たずの有象無象など、<br>いくら失おうと構うことはありません。,那又如何？你们这些没用的乌合之众，缺多少也无妨。
5,,そんな……！,什么……！
6,,ぐ……ごほっ……<br>ふ、ふざけるなよ……,唔……咳咳……开、什么玩笑……
7,,おや……<br>まだ息があったのですね……,哎呀……你还活着啊……
8,,こんな……<br>オルキスを復活させる条件は、<br>全て揃ったというのに……,明明这么一来……复活欧尔基斯的条件全都满足了……
9,,こんな……<br>こんなところで、<br>負けるわけには……！！,怎么能……怎么能输在这种地方……！！
10,,くくく……これだから小娘は。,哼哼哼……你还是太嫩了。
11,,なに……？,什么……？
12,,絶望に嘆く者は、<br>目の前に都合の良い希望を与えられると、<br>簡単にそれに食らいつく……,只要给绝望中的人看看她想看到的希望，她就会轻易上钩呢……
13,,その希望の真偽を<br>確かめることもせずに……,也不想想这希望到底是真是假……
14,,いえ……<br>希望を失わないためには、<br>仕方がないことなのかもしれませんね。,不……对他们来说，为了不失去希望，上钩也是没办法的事吧。
15,,どういう……ことだ。,究竟……怎么回事。
16,,確かにルリアには、<br>瀕死の者を生き返らせる能力がある……,露丽亚的确有起死回生的能力……
17,,しかし……<br>それは決して、貴方の思っているような<br>便利な能力ではありません。,但是……那不是你想的那种能力。
18,,なに……？,什么……？
19,,あの能力は「器」であるルリアが<br>空の世界で力の全てを解放するため、<br>自らを空の存在と融合させる能力です。,那是为了让露丽亚这一「容器」在天空世界释放全力，使她与天空世界的存在融合的能力。
20,,つまり……<br>一度使えば、二度と使うことは出来ない。,也就是说……这是一次性的能力。
21,,端的に言えば……<br>もうあのオルキスは戻ってこない<br>ということです……,说白了……曾经的欧尔基斯已经回不来了……
22,,そん……な……,什……么……
24,,お、おい！<br>しっかりしろ！　アポロ！,喂、喂！振作点！阿波罗！
25,,…………,…………
26,,さぁ……それではさっさと、<br>この世界を終わらせてしまいましょうか。,那么……赶紧为这个世界画上句号吧。
27,,オルキス……<br>アーカーシャの起動を。,欧尔基斯……起动阿卡夏。
28,,…………,…………
29,,<span class='scene-font-katari'>小さく頷くと、</span><br><span class='scene-font-katari'>オルキスはルリアの方へと歩き始める。</span>,<span class='scene-font-katari'>欧尔基斯轻轻颔首，随后向露丽亚走来。</span>
30,,オルキスちゃん……？,欧尔基斯……？
31,,待て！<br>ルリアには指一本、<br>触れさせるわけには……ぐっ！？,等一下！你敢碰露丽亚一根手指……唔！？
32,,何故だ……<br>か、身体が……！？,为什么……动不了……！？
33,,ふふ……<br>「マリス」と戦って、<br>無事で済むとは思わないことです。,呵呵……和「恶意」战斗过，你还觉得自己毫发无损？
34,,カタリナ……！,卡塔莉娜……！
35,,ねぇ、待って、オルキスちゃん！<br>ダメだよ、こんなの！,等一下，欧尔基斯！不能做这种事！
36,,その星晶獣を使ったら、<br>私もオルキスちゃんも、<br>居なく……っ！？,使用星晶兽阿卡夏的话，我和欧尔基斯都会消失……！？
37,,…………,…………
38,,ルリアっ！？,露丽亚！？
40,,…………,…………
41,,我、アルクスの名において、<br>	星晶獣アーカーシャの起動を執り行う。,我以虹之名，起动星晶兽阿卡夏。
43,,……管理者の認証を完了しました。<br>星晶獣アーカーシャの<br>起動要請を受諾……,……管理者资格认证完毕。接受请求，起动星晶兽阿卡夏……
44,,お、おい、ルリア！<br>どうしたってんだ！？<br>なぁ、おい！,喂、喂，露丽亚！你突然怎么了！？喂！
45,,管理者権限を<br>ビューレイスト・アルクスから移譲、<br>	……掌握。,自贝莱斯特之虹受让管理者权限……权限取得。
46,,星晶獣アーカーシャを起動します。,即将起动星晶兽阿卡夏。
49,,――――,————
50,,これが……<br>アーカーシャ……,这就是……阿卡夏……
51,,…………,…………
52,,…………,…………
53,,さぁ……命じなさい、オルキス。<br>星の歴史を、<br>この世界から抹消するのです。,快……命令它，欧尔基斯。命令它抹消星之民存在的历史。
54,,…………,…………
55,,…………,…………
58,,えー、なんだ……<br>嬢ちゃんはここで何してるんだ？,呃，怎么说……小妹妹你在这里做什么呢？
59,,違う。,不对。
60,,え？,嗯？
61,,嬢ちゃん、じゃない……<br>私の名前は、オルキス。,别叫我，小妹妹……我的名字是、欧尔基斯。
62,,……オルキスちゃんっていうんだ。,……原来你叫做欧尔基斯啊。
65,,ねぇねぇ、私、ルリア！<br>それでこっちが姬塔！<br>よろしくね、オルキスちゃん！,那个，我叫露丽亚！然后这边的是姬塔！请多指教哦，欧尔基斯！
66,,よろしく……って、なに？,多指教……是什么意思？
67,,え？　えーっと……<br>な、なんだろう？　姬塔……,咦？ 嗯，那个……怎、怎么说呢？姬塔……
68,,これから友達になろうねってこと！<br>あたしはイオ、よろしくね。,意思是从今往后我们就是朋友了！我叫伊欧哦，请多指教了。
69,,友達……これから……<br>私と……？,朋友……从今往后……和我……？
72,,ちっ……行くぞ、人形。,切……走了，人偶。
73,,…………,…………
74,,おい、何をしている……？<br>なんのまねだ？,喂，还磨蹭什么……？你这是什么意思？
75,,わ、私……<br>もう少しだけ……<br>ルリア達と一緒に居たい……,我、我……还想和露丽亚他们……待一会儿……
78,,ねぇ、どうして……？<br>答えてよ、オルキスちゃん……,呐、为什么……？回答我，欧尔基斯……
79,,…………,…………
80,,どうしてオルキスちゃんは<br>そこに居るの？<br>私達の手を取らないのは、どうして？,为什么欧尔基斯会站在那边？为什么不抓住我们的手呢？
81,,…………,…………
82,,もう何も聞こえないの……？<br>オルキスちゃん……！！,你已经听不见了吗……？欧尔基斯……！！
83,,…………っ！！,…………唔！！
84,,い、いや……だ。,不、不要……
85,,いやだっ……！！,我不要……！！
86,,っ！？<br>わ、私……？<br>オルキスちゃん……？,咦！？我、我……？欧尔基斯……？
87,,なに……？,什么……？
88,,ル、ルリアが元に戻ったぜ！,露、露丽亚恢复正常了！
89,,ああ！<br>それに身体も動く！,没错！我也能行动了！
90,,い、いったい何が<br>起きてるってんだ……！？,到、到底发生了什么……！？
91,,いまはとにかく二人を連れて、<br>ここを離れるんだ！　姬塔！,总之先带她们两个离开！姬塔！
info,,1,scene_cp40_q4_s10