id,en,jp,trans
0-chapter_name,,第40章　謀略の果て,第40章  谋略终结
0-synopsis,,姬塔らの猛攻に倒れてもなお立ち上がって抵抗する帝国兵達。その鬼気迫る戦いぶりは、帝国軍としての責任感ではなく、何かへの恐れから来るもののようであった。帝国兵達の背後にある「マリス」という存在と姬塔らの接触を阻止するべく、帝国兵達はなおも戦いを挑む。,因姬塔等人的猛攻而倒下的帝国兵依旧爬起来继续抵抗。这令人毛骨悚然的战斗执念并非来自于帝国军的责任感，而是由于对某物的恐惧。为了阻止姬塔等人触发盘踞在身后的「恶意」，帝国兵选择继续作战。
1,,ぜぇ……はぁ……<br>く、くそ……<br>やはり強い……！,哈……哈……可、可恶啊……他们果然很强……！
2,,しかし……<br>ここで負けるわけには……！,可是……我们不能输在这里……！
3,,悪いが負けられないのは、<br>我々も同じだ。,不好意思，不能输这点，我们也是一样。
4,,道を開けてもらうぞ、雑魚共……！<br>とっととあの女を倒し、<br>決別せねばならぬ相手がいるのでな！,给我让路，你们这群杂碎……！我得赶紧去打败那女人，再和这群家伙诀别！
5,,く、くそ……！<br>ここを突破させてしまっては、<br>「マリス」が……！,可、可恶……！要是让他们突破了这里，「恶意」就会起动……
6,,我々には、ここで勝つしか<br>生き残るすべはない！<br>何としてもここを死守するんだ！,我们只有在这里胜利才能活下去！无论如何也要守住这里！
info,,1,scene_cp40_q2_s20