name,trans
Lyria,露莉亚
Vyrn,碧
Katalina,卡塔莉娜
Vira,维拉
Rackam,拉卡姆
Io,伊欧
Furias,弗里亚斯
Drang,德朗
Sturm,斯特姆
Orchis,欧尔基丝
Noa,诺亚
Lecia,莉夏
Monika,莫妮卡
Walfried,瓦尔福里德
Eugen,欧根
Rosetta,萝赛塔
Freesia,芙莉西雅
Primal Beasts,星晶兽
Primal Beast,星晶兽
Black Knight,黑骑士
Gandharva,刚达尔瓦
Imperial Soldier,帝国士兵
Pommern,伯梅伦
Hydra,海德拉
Sierokarte,榭洛科特
Siero,榭洛
Townsperson,镇民
Townsgirl,城镇少女
Tzaka the Great,扎卡大公
Tiamat,提亚马特
Erste,艾尔斯提
Skyfarer,骑空士
Seasoned Skyfarer,熟练的骑空士
Elderly Skyfarer,骑空士长者
Monster,魔物
Ran Mōri,毛利兰
Ai Haibara,灰原哀
Conan Edogawa,江户川柯南
Doctor Agasa,阿笠博士
Kogorō Mōri,毛利小五郎
Tōru Amuro,安室透
Detective,侦探
Apprentice,助手
All Four,４人
Shinichi Kudō,工藤新一
Sarya,萨雅
Barawa,巴洛瓦
Haughty Woman,傲慢的女人
Carolina,卡罗丽娜
Daniela,达涅拉
Leila,蕾拉
Nelly,内莉露
Mannequin,机械人偶
Sandalphon,圣德芬
Lyria and Vyrn,露利亚和碧
Lucifer,路西菲尔
Lancelot,兰斯洛特
Guard 1 &,守卫1&
Guard,守卫
Coffee Farmer,咖啡园主人
Nicholas,士郎
Lunalu,露娜露
Elder,老人
Mahira,玛琪拉
