id,en,jp,trans
0-chapter_name,,第40章　謀略の果て,第40章  谋略终结
0-synopsis,,星晶獣ユグドラシル・マリスの凄まじい力によって姬塔達は壊滅寸前に追い込まれた。膝を突く一行を前に、フリーシアの哄笑が響き渡る。,星晶兽伊格德拉西尔・恶意的强大力量使姬塔等人遭受重创。芙莉西雅看着跪伏在地的众人，发出了哄笑。
0,,<span class='scene-font-katari'>突如顕現した星晶獣<br></span><span class='scene-font-katari'>ユグドラシル・マリスによって、</span><br><span class='scene-font-katari'>一行は壊滅寸前まで追い込まれていた。</span>,<span class='scene-font-katari'>星晶兽伊格德拉西尔・恶意突然显现，使姬塔等人遭受重创。</span>
1,,ぐふっ……<br>う、嘘だろ……,唔呜……怎么会这样……
2,,くっ……<br>以前戦った星晶獣ユグドラシルとは、<br>比べ物にならないな……,呃……我们以前遭遇的星晶兽伊格德拉西尔根本无法和它相比……
3,,ちょっと……<br>こ、こんなのが居るなんて<br>聞いてないわよ！,等一下……这、这种事是犯规啦！
4,,素晴らしい……<br>星の力の模倣として始まった魔晶は、<br>ついに原典たる星の力を超えた……,太棒了……模仿星之力研制的魔晶终于超越了原型……
5,,あの憎き侵略者共を超えた……<br>空の民こそが真に優れた存在なのです！<br>くくく……はははははッ！！,超越了那群可恶的侵略者……我等空之民是如此的优秀！哼哼哼……哈哈哈哈哈！！
info,,1,scene_cp40_q3_s30