id,en,jp,trans
0-chapter_name,,第53章　再起への標,第53章  重振旗鼓
0-synopsis,,黒騎士アポロニアは、宰相フリーシアによって隠蔽された真実を探るべく、エルステ帝国の首都がある<span class=‘scene-font-place’>アガスティア</span>へと向かうことを決める。敵の懐に飛び込む無謀を一行は止めるが、アポロニアはそれを聞かず、一行も途中までの道を共にすることになる。一行は移動を始めるが、この時、アポロニアは密かに魔晶の欠片を懐へ入れるのだった。,黑骑士阿波罗尼亚为探寻宰相芙莉西娅隐瞒的真相，决定前往埃尔斯特帝国首都<span class='scene-font-place'>Agastia</span>。众人劝说她放弃闯入敌方大本营的无谋之举，但并未成功。于是众人决定至少陪同她前往目的地。准备出发时，阿波罗尼亚悄悄拾起魔晶的碎片带走。
0,,<span class='scene-font-katari'>ユグドラシル・マリスを退け、</span><br><span class='scene-font-katari'>姬塔一行はそのコアを、</span><br><span class='scene-font-katari'>魔晶の力から解放する。</span>,<span class='scene-font-katari'>姬塔一行击退伊格德拉希尔·恶意，将其核心从魔晶的支配下解放。</span>
1,,<span class='scene-font-katari'>コアから切り離された</span><br><span class='scene-font-katari'>黒い結晶が散らばる中、</span><br><span class='scene-font-katari'>ドランクは自らが掴んだ情報を明かす。</span>,<span class='scene-font-katari'>与核心分离的黑色结晶洒落在森林中。此时，德朗克正向众人讲述他得到的情报。</span>
2,,あの宰相サンったら、<br>まだまだ隠し事が<br>あるみたいなんだよね！,宰相阁下啊，还有很多事情瞒着我们呢！
3,,ふん……隠し事、か。<br>貴様の働きに、<br>期待していないわけではないが……,哼……瞒着我们，么。虽然我对你的工作成果还抱有期待……
4,,そもそもあの女が、<br>我々に隠していることなど、<br>挙げ連ねればキリが無いだろう？,但那女人瞒着我们的事情数都数不清。
5,,あー、まぁ……<br>それを言っちゃうとねぇ……,啊，唉……这么说也对……
6,,いままであの女には、<br>散々踊らされてきたからな……,我被那女人算计了这么久……
7,,これでまた二の舞を踏んだとあっては、<br>もはや笑い話にもならん……,要是再上当，可连笑话都算不上了……
8,,確かにまぁ……<br>あの宰相サンは、<br>底が見えねぇ相手だけどよ……,的确……那宰相是个深不可测的对手……
9,,それで？<br>それじゃあ、<br>この先はどうするつもりなんだ？,那从今往后你有什么打算？
10,,私は前提としていた情報が、<br>そもそも奴から<br>聞かされていたものだったからな……,我视作前提的情报，都是她告诉我的……
11,,まずは自らの目と耳で、<br>改めて情報を洗い直す。,所以，我首先要先亲自收集情报才行。
12,,私には、希望も絶望も、<br>全てを等しく、<br>知っていく必要があるのだ……,不管是希望还是绝望，我必须先全部了解清楚……
13,,そのために、私はこれから、<br><span class='scene-font-place'>アガスティア</span>の帝都へと向かうつもりだ。,为此，接下来我打算前往首都<span class='scene-font-place'>Agastia</span>。
14,,ア、<span class='scene-font-place'>アガスティア</span>の帝都だと！？<br>貴殿は自分の置かれている状況を、<br>理解しているのか！？,首都<span class='scene-font-place'>Agastia</span>！？你明白自己现在身处的状况吗！？
15,,秩序の騎空団を動かしたように、<br>帝国はもはや完全に、<br>貴殿を敵と見なしている。,就像之前委托秩序骑空团抓捕你一样，帝国已经把你视为敌人了。
16,,そんな状況で、<br>敵の懐に飛び込もうなどと……,而你竟然想闯入敌人的大本营……
17,,状況など問題にならん。<br>それに待ったところで、<br>好転するものでもないだろう？,这不是问题。就算干等着，情况也不会变好。
18,,そ……それは、そうだが……<br>しかしだな……,这……的确是这样……可是啊……
19,,およそ十年前……<br>オルキスが心を失った直後のことだ。,大概十年前……就在欧尔基斯变成人偶之后。
20,,記録ではその頃に、<br>何かが<span class='scene-font-place'>メフォラシュ</span>より、<br><span class='scene-font-place'>アガスティア</span>に運び込まれている。,记录显示有什么东西从<span class='scene-font-place'>Mephorash</span>被搬运到了<span class='scene-font-place'>Agastia</span>。
21,,最高顧問を務めている間に、<br>その運び込まれたものについて、<br>探ってはみたが……,在我还是最高顾问的时候，我也有调查过被搬运过去的究竟是什么……
22,,結局、それが何であったのか、<br>この私にもわからずじまいだった。,可到结果底是什么，连我都调查不到。
23,,エルステ帝国の最高顧問ですら、<br>見つけられない情報となると……,连埃尔斯特帝国最高顾问都搜集不到的情报……
24,,そうだ……<br>何者か……いや、あの女が、<br>意図的にそれを隠していたのだ。,没错……有人……不，那女人故意藏起来了。
25,,当時は奴との協調を優先し、<br>それ以上は深く追及しなかったが……,当时我决定优先与她合作，所以也没有深究……
26,,いっそ追われる身ならば好都合だ。<br>これ以上関係が<br>悪化することもないからな。,既然我现在已经被流放，那正好。毕竟我们的关系不会进一步恶化了。
27,,奴が隠すというのなら、<br>どんな手を使ってでも、<br>それを暴いてやるさ……！,既然她在隐瞒，我就不择手段地去揭露……！
28,,へへっ……！<br>黒騎士の奴、<br>もうすっかりいままで通りだな！,嘿嘿……！黑骑士已经找回以前的感觉了！
29,,うん……<br>アポロには……いつもこうやって、<br>元気でいてほしい。,嗯……我希望……阿波罗能一直都这么精神。
30,,なぁるほぉどねぇ～！<br>ま、そういうことなら、<br>僕の情報も無駄にはならないかな～？,原来如此~！那我的情报应该也不是完全没用吧~？
31,,実はねぇ～？<br>とある情報筋から聞いたんだけど～<br>あ、その情報筋っていうのは……,其实呢~？有个线人告诉我啊~啊，这个线人也就是……
32,,あ痛っ！？,啊好痛！？
33,,長い……<br>もったいぶるな、<br>さっさと話せ。,啰嗦……别装神弄鬼的，赶紧说完。
34,,も～！　スツルム殿ったら、<br>短気なんだから……<br>怒りっぽいと損するって……,哎呀~！斯特姆阁下真没耐心啊……性格暴躁可是会吃亏的哦……
35,,あたっ！？<br>わかった！　わかりましたって！<br>だからぐりぐりしないでよね！,好痛！？我知道了！我知道了！不要搅来搅去的！
36,,いまさらだけど……<br>黒騎士はこの二人を選んで、<br>後悔とかしなかったの？,现在问也许有些晚……黑骑士你有没有后悔过雇佣这两个人啊？
37,,……聞くな。,……别问我。
38,,はぁ……<br>それがねぇ……<br>実はここ最近、帝都で……,唉……其实呢……最近首都……
39,,っと、待ちな……<br>その話はどうやら、<br>後に回したほうが良さそうだ……,先等一下……这件事还是之后再谈吧……
40,,力の残滓に惹かれて、<br>魔物が集まって来てるわ……,魔晶残留的力量把魔兽引到这里来了……
41,,お話の続きは<br>グランサイファーに<br>戻ってからにしましょ？,我们回到格兰塞法之后再讨论吧？
42,,もう！<br>これからってとこなんだけどなぁ～！,那好吧。我正要开始讲呢~！
43,,ふん……もったいつけて、<br>さっさと話さないからだ。<br>ほら、行くぞ。,哼……谁让你卖关子，不一口气说完的。好了，走吧。
44,,<span class='scene-font-katari'>姬塔一行は、</span><br><span class='scene-font-katari'>連れ立ってグランサイファーへと</span><br><span class='scene-font-katari'>歩き始める。</span>,<span class='scene-font-katari'>姬塔一行开始朝格兰塞法的方向往回走。</span>
45,,<span class='scene-font-katari'>踏み出した黒騎士の一歩に、</span><br><span class='scene-font-katari'>散らばっていた禍々しい結晶が当たる。</span>,<span class='scene-font-katari'>黑骑士迈出一步，踩到了散落在地上的诡异结晶。</span>
46,,魔晶、か……,魔晶，么……
47,,…………,
48,,どうしたんですか？　黒騎士さん。<br>もうみんな行っちゃいましたよ？,你怎么了，黑骑士？大家要走了哦？
49,,ああ、いや……大丈夫だ。,啊，不……没什么。
50,,<span class='scene-font-katari'>黒騎士はそう応じると、</span><br><span class='scene-font-katari'>足を速めて、</span><br><span class='scene-font-katari'>姬塔達に合流する。</span>,<span class='scene-font-katari'>黑骑士说着加快脚步与姬塔等人汇合。</span>
51,,<span class='scene-font-katari'>その懐には人知れず、</span><br><span class='scene-font-katari'>散らばっていた魔晶の欠片を、</span><br><span class='scene-font-katari'>忍ばせているのだった。</span>,<span class='scene-font-katari'>此时，她早已悄悄藏起了一块魔晶的碎片。</span>
info,,1,scene_cp53_q2_s10