id,trans
0-chapter_name,第1章  与风邂逅
0-synopsis,<span>姬塔</span>一行前往Angads高原寻找骑空艇。然而卡塔莉娜对骑空艇停泊于高原这一点产生了疑问。
0,骑空艇……感觉好难找啊。
1,那艘骑空艇在草原上吗……真奇怪啊。
2,奇怪？我们乘来的骑空艇现在不也在草原上……
3,唔……那，那是因为它……我害它坠毁了……
4,骑空艇一般都停泊于岛屿外缘或高处的码头。
5,与其在这儿想这想那的，还不如去亲自看看！我们继续前进吧！
info,scene_cp1_q2_s20
备注,ver-1: @nga 模糊君 uid-42788445 2018/4/1