id,en,jp,trans
0-chapter_name,,二千年越しの想い,跨越两千年的思念
0-synopsis,,ある日、台所で珈琲を淹れる姬塔、ルリア、ビィの元に、サンダルフォンが現れる。珈琲の淹れ方を教えて欲しいという姬塔達の頼みを断り、距離を置こうとし続けるサンダルフォンだったが、先ほど自分達でサンダルフォンの珈琲豆を使ってしまったことに気づいた姬塔達により、無理やり買い物へと連れ出されるのだった。,当被问及如何制造优质的咖啡时，圣德芬不理会骑空团的大家，并且和大家保持距离。但是因为大家用完了他的咖啡豆，最后他只好陪大家一起去买。
2,,"<span class='scene-font-katari'>ある時、台所で珈琲を淹れていた</span><br>
<span class='scene-font-katari'>姬塔達の前に、</span><br>
<span class='scene-font-katari'>サンダルフォンが現れる。</span>", 有一天，团长一行人正在厨房泡咖啡时，圣德芬出现了。
3,,"おっ、噂をすれば<br>
ちょうどいいところに<br>
来たじゃねぇか！",哦！说曹操曹操到，圣德芬你来的正好呢！
4,,……ん？　何か用か？,......嗯？有什么事情吗？
5,,"えっと……サンダルフォンさんから、<br>
美味しい珈琲の淹れ方を教えて<br>
もらえないかなーって、思いまして。",诶......我们在想能不能请教圣德芬先生如何才能泡好美味的咖啡。
6,,"<span class='scene-font-katari'>姬塔もルリアに続いて、</span><br>
<span class='scene-font-katari'>教えて欲しいとお願いをする。</span>",团长也向圣德芬请求。
7,,"なぜ俺が君達に珈琲の淹れ方を<br>
教えねばならない？",为什么我一定要教你们泡咖啡啊？
8,,"あはは……<br>
それはそうです、けど……",啊哈哈......虽然也是这样啦......
9,,"別に減るもんじゃねぇんだし<br>
少しぐらい教えてくれてもいいだろ？",也对你没什么害处啦，就教我们一下行吗？
10,,"<span class='scene-font-katari'>一緒に珈琲を淹れたら</span><br>
<span class='scene-font-katari'>自分の分を淹れる手間が省けるよと</span><br>
<span class='scene-font-katari'>提案する姬塔。</span>",团长也提议，如果一起泡咖啡的话也能省了圣德芬自己的工夫。
11,,"<span class='scene-font-katari'>だが、サンダルフォンは</span><br>
<span class='scene-font-katari'>余裕そうな笑みを浮かべる。</span>",但是圣德芬露出了从容的笑容。
12,,お気遣い無く。,不劳你们费心了。
13,,"<span class='scene-font-katari'>サンダルフォンは戸棚から</span><br>
<span class='scene-font-katari'>マイ抽出器を用意して、</span><br>
<span class='scene-font-katari'>珈琲を淹れる準備をする。</span>",圣德芬从架子上拿出了浓缩咖啡器作泡咖啡的准备。
14,,"んなっ……<br>
アイツいつの間に……",啊......那家伙什么时候......
15,,"うん……？<br>
特異点、ここにあった俺の珈琲豆は？",嗯？特别之人，我放这的咖啡豆呢？
16,,"えっ？<br>
あ……ちょうど豆を切らしててよぉ……",诶？啊......正好用完了啊......
17,,か、借りちゃいました……,是，是我们借走了。
18,,"<span class='scene-font-katari'>サンダルフォンの珈琲豆と知って</span><br>
<span class='scene-font-katari'>申し訳なさそうに謝る</span><br>
<span class='scene-font-katari'>姬塔達。</span>",一行人对圣德芬的咖啡豆感到十分地抱歉。
19,,……ナンセンスだ。,荒谬。
20,,ご、ごめんなさいっ！,对，对不起！
21,,"すまねぇ！<br>
オイラ達が悪かったぜ……！",对不起！是我们错了。
22,,"<span class='scene-font-katari'>お詫びに代わりの珈琲豆を</span><br>
<span class='scene-font-katari'>買いに行くと謝る姬塔。</span>",为了道歉，团长说要去买咖啡豆。
23,,"その必要はない。<br>
共用部に置いていた<br>
俺の落ち度だ。",没有这个必要。是我不应该放在公用的地方。
24,,お、おう……ホントごめんな。,哦......真的很抱歉。
25,,<span class='scene-font-kokoro'>（なんか珍しく物わかりがいいな）</span>,（居然意外地懂事呢！）
26,,"まぁ、この艇に他人の物を盗むような<br>
輩がいるとは思わなかったが。",嘛，我虽然也不认为这艘船上有会偷别人东西的人。
27,,"うわぁー<br>
全然そんなことなかったぜぇ……",呜哇——完全没有这回事......
28,,"姬塔、ビィさん。<br>
お詫びにサンダルフォンさんの<br>
珈琲豆を買いに行きましょう！",团长，碧。为了道歉还是替圣德芬先生去买咖啡豆吧！
28-sel1_txt,,<span class='scene-font-katari'>わかった！</span>,明白！
28-sel2_txt,,<span class='scene-font-katari'>うーん……</span>,嗯......
29,,"おい、特異点。<br>
その必要は無いと言っているだろう。",喂，特别之人。我说过没必要了吧。
30,,"まぁまぁ、そう言うなって。<br>
こう見えてオイラ達も<br>
反省してるんだぜ？",嘛嘛，虽然这样说过。但这样一看我们也在反省吧？
31,,では、俺はもう行くぞ。,那么，我要走了。
32,,"姬塔！<br>
うーん……<br>
じゃないですよ！",团长！不是这样的！
33,,"私達が悪いんですから、<br>
ここは誠意を見せましょう！",我们做了很抱歉的事情，这是为了表达诚意！
34,,"いや……<br>
だから俺はいいと……",不……所以说我没关系……
35,,"よし！<br>
んじゃサンダルフォンも<br>
一緒に行くぞ！",好！那么圣德芬也一起来吧！
36,,なっ……何故そうなる！,怎......怎么会变成这样！
38,,"だってお前がいないと<br>
どんなコーヒー豆を買えば<br>
いいかわからねぇだろ？",因为你不在的话，就不知道该买哪种咖啡豆了吧？
39,,"もういい！<br>
珈琲豆の件は許す！",够了！咖啡豆的事就原谅你们了！
40,,"だから放せ！<br>
俺の腕を引っ張るな……！",所以快放开！不要拽着我的手！
42,,"まぁまぁそう言わずに<br>
一緒にお買い物にいきましょう！",嘛嘛，别这样说嘛。一起去买东西吧！
43,,"<span class='scene-font-katari'>こうして、姬塔達は、</span><br>
<span class='scene-font-katari'>強引にサンダルフォンを連れて</span><br>
<span class='scene-font-katari'>街の市場へと出かけるのだった。</span>",就这样，团长一行人强行拉着圣德芬去街上的市场了。
info,,1,scene_chr446_q1_s10
