id,en,jp,trans
0-chapter_name,,第61章　それぞれの決着,第61章  各自的斗争
0-synopsis,,姬塔達によって暴走を治めつつあったリヴァイアサン・マリスだったが、フリーシアから更なる力を注ぎ込まれ苦しみの声を上げる。更にフリーシアはリヴァイアサン同様、ミスラ・マリスも差し向け、姬塔達を追い詰める。しかし、別行動を取っていた、カタリナ、リーシャ、イオ、ロゼッタがそこへ合流し、一行は力を合わせて２体の星晶獣に挑む。,暴走的利维坦·恶意被姬塔等人压制，但芙莉西雅再次注入更多力量，使利维坦再次扬起痛苦的吼声。除此之外，芙莉西雅还召唤出密斯拉·恶意，企图至众人于死地。而此时，与众人分头行动的卡塔莉娜、莉夏、伊欧、萝赛塔赶到，协力挑战两只星晶兽。
0,,<span class='scene-font-katari'>姬塔一行は</span><br><span class='scene-font-katari'>リヴァイアサン・マリスと</span><br><span class='scene-font-katari'>互角の戦いを繰り広げる。</span>,<span class='scene-font-katari'>姬塔一行与利维坦·恶意势均力敌。</span>
1,,<span class='scene-font-katari'>仲間達に疲労の色はあるものの、</span><br><span class='scene-font-katari'>リヴァイアサンもまた、</span><br><span class='scene-font-katari'>徐々に力の暴走を治めつつあった。</span>,<span class='scene-font-katari'>同伴们虽有些疲惫，但还是顺利地阻止了利维坦的暴走。</span>
2,,――――,————
3,,はぁ……はぁ……,哈……哈……
4,,リヴァイアサンは……<br>だいぶ落ち着いてきたみたいです……,利维坦……好像已经平静下来了……
5,,ふふ……,呵呵……
6,,何を笑っている？<br>とても貴様が笑っていられる状況には<br>思えんがな……,有什么好笑的？面对这种情况你还笑得出来么？
7,,ええ、ええ……<br>そうです……そうですね。,没错，没错……你说的对……你说的对。
8,,しかし、<br>先ほどから申し上げている通り、<br>貴方達こそが最後の障害なのです。,不过，我也说过了，你们是最后的障碍。
9,,なればこそ……<br>多少の無駄遣いは許容範囲でしょう。,那么……在此稍作浪费也无大碍。
10,,<span class='scene-font-katari'>そう言うとフリーシアは、</span><br><span class='scene-font-katari'>おもむろに右腕を振り上げる。</span>,<span class='scene-font-katari'>芙莉西雅说道，从容地举起右手。</span>
11,,なんだ……？,什么……？
12,,<span class='scene-font-katari'>フリーシアの動きに合わせるように、</span><br><span class='scene-font-katari'>どこからともなく、暗く輝く力の帯が、</span><br><span class='scene-font-katari'>フリーシアの右腕に纏わりついていく。</span>,<span class='scene-font-katari'>配合芙莉西雅的动作，散发昏暗光芒的力量凭空出现，聚集在芙莉西雅的右手周围。</span>
13,,あれ……<br>まさか……！？,那……难道是……！？
14,,っ！？　や、やめ……っ！！,唔！？ 住、住手……！！
16,,<span class='scene-font-5'>――――ッ！！</span>,<span class='scene-font-5'>————！！</span>
17,,<span class='scene-font-katari'>フリーシアが右腕を振り下ろすと、</span><br><span class='scene-font-katari'>力の帯はリヴァイアサンへと流れ込み、</span><br><span class='scene-font-katari'>海竜は悲痛な叫びをあげる。</span>,<span class='scene-font-katari'>待芙莉西雅挥下右手，周围的力量便流入利维坦体内。海龙再次扬起悲痛的吼叫。</span>
18,,くく……は、ははははは！！,哼哼……哈、哈哈哈哈哈！！
19,,「リアクター」を通じ、<br>生成されたばかりのエネルギーです！<br>お味はいかがですか？,这是反应器刚刚生成的新鲜能量！滋味如何？
20,,さぁ、力ならば足りているでしょう！<br>奴らを喰い殺せ！　リヴァイアサン！！,好了，你已经有足够的力量了！把他们咬碎！利维坦！
21,,<span class='scene-font-5'>――――ッ！！</span>,<span class='scene-font-5'>————！！</span>
22,,ひどい……<br>力が身体の中で暴れまわって……<br>痛い……苦しい、って……,太过分了……力量在它体内乱窜……它很痛苦……很难受……
23,,そうそう……<br>貴方達は、このリヴァイアサンと、<br>互角に戦えるのでしたね。,对了……你们好像和利维坦不相上下呢。
24,,であるなら……もう一つ。,那么……再来一只。
25,,<span class='scene-font-katari'>フリーシアは自らの背後の虚空に、</span><br><span class='scene-font-katari'>己が右手をかざす。</span>,<span class='scene-font-katari'>芙莉西雅举起右手遮住背后的空气。</span>
26,,ミスラ……,密斯拉……
27,,――――,————
28,,絶対遵守の星晶獣よ……<br>我が力に平伏し、<br>力の奔流にその身を堕とせ！！,绝对遵守的星晶兽啊……服从于我，堕向力量的猛洪！
29,,――！　――！,——！  ——！
33,,――――,————
34,,おいおいおいおい……！<br>勘弁してくれ……！,喂喂喂喂……！还来啊……！
35,,あの芸当は「リアクター」を通じて<br>収集した力によるものか……,那是她的王牌，反应器吸收的力量生成的么……？
36,,おや？<br>ずいぶんと表情が硬くなりましたね。,哦？各位表情非常僵硬啊。
37,,笑っていられないのは、<br>私の方ではありませんでしたか？,刚才不是还说我笑不出来吗？
38,,くっ……！,唔……！
39,,さぁ……<br>余興はここまでです。,好了……余兴到此为止。
40,,もしも貴方達が彼らを想うなら、<br>思う存分、力の捌け口となりなさい！,你们要是为它们着想，就给我成为它们的发泄品吧！
41,,――――ッ！！,————！！
42,,はあぁぁぁっ！！,哈啊啊啊啊！！
44,,――――ッ！？,————！？
45,,……この程度では、<br>些細なダメージにもならないようですね。,……看来这种程度的攻击根本无法造成伤害呢。
46,,リーシャ……！,莉夏……！
47,,すまない！　遅くなった！,抱歉！我们来晚了！
48,,カタリナっ！,卡塔莉娜！
49,,うわぁ……<br>な、なにあれ……,呜哇……这、这是什么……
50,,やれやれ……<br>見たまんま、面倒事だってのは確かだ。,真是的……和你看见的一样，一堆冒出来的麻烦事。
51,,ふぅん……なるほどね。<br>ずいぶん困ったことになったわね。,嗯……原来如此。事情变得棘手起来了呢。
52,,いや……そうでもねぇさ。<br>なぁ！　姬塔！,不……那倒不至于。对吧！姬塔！
53,,おうさ！<br>確かに相手は増えちまったけど……,是啊！敌人也许增加了……
54,,今度はオイラ達だって、<br>全員集合だからな！,但这次咱们也全员到齐了！
55,,確かに……<br>これだけの人数が揃っていれば、<br>勝機が見えないこともないな。,的确……我们人数众多，而这就是胜机。
56,,皆で……頑張る。,大家……一起加油。
57,,…………,
58,,<span class='scene-font-katari'>再集結した姬塔一行は、</span><br><span class='scene-font-katari'>堕とされし２体の星晶獣に挑む。</span>,<span class='scene-font-katari'>姬塔一行再次集结，挑战两只被迫暴走的星晶兽。</span>
info,,1,scene_cp61_q4_s20