id,name,detail
npc,士郎,3040156000
special,坏刃·无限断空波,暗属性伤害(特大)/下一次使用「生化刀刃」时，技能发动2次
skill-1,生化刀刃,4次暗属性伤害，目标随机/敌方全体攻击DOWN(累积)
skill-2,柳叶反击,<div class=prt-text-small>回避敌人所有攻击/成为攻击目标/奥义值UP(20%)/不进行攻击<span class=text-blue> ◆回避成功后发动坏刃·逆一文字斩！</span></div>
skill-3,装甲屏障,我方全体伤害降低(60%)
support-1,除恶之坏刃,HP在50%以下时，根据普攻咋造成的伤害回复HP
support-2,生化合金的英雄,防御力高，但容易成为攻击目标
skill-lb,LB技能,反击成功时，奥义伤害UP（1次）
active,1,