{"scene_tutorial00":"主线剧情-序章第1节.csv","scene_tutorial01":"主线剧情-序章第2节.csv","scene_tutorial02":"主线剧情-序章第3节.csv","scene_tutorial03":"主线剧情-序章第4节.csv","scene_tutorial_scene_cp1_q1_s10":"主线剧情-第1章第1节第1幕.csv","scene_cp1_q1_s20":"主线剧情-第1章第1节第2幕.csv","scene_cp1_q2_s10":"主线剧情-第1章第2节第1幕.csv","scene_cp1_q2_s20":"主线剧情-第1章第2节第2幕.csv","scene_cp1_q3_s10":"主线剧情-第1章第3节第1幕.csv","scene_cp1_q3_s20":"主线剧情-第1章第3节第2幕.csv","scene_cp1_q4_s10":"主线剧情-第1章第4节第1幕.csv","scene_cp1_q4_s20":"主线剧情-第1章第4节第2幕.csv","scene_cp1_q4_s30":"主线剧情-第1章第4节第3幕.csv","scene_cp2_q1_s10":"主线剧情-第2章第1节第1幕.csv","scene_cp2_q1_s20":"主线剧情-第2章第1节第2幕.csv","scene_cp2_q2_s10":"主线剧情-第2章第2节第1幕.csv","scene_cp2_q2_s20":"主线剧情-第2章第2节第2幕.csv","scene_cp2_q3_s10":"主线剧情-第2章第3节第1幕.csv","scene_cp2_q3_s20":"主线剧情-第2章第3节第2幕.csv","scene_cp2_q4_s10":"主线剧情-第2章第4节第1幕.csv","scene_cp2_q4_s20":"主线剧情-第2章第4节第2幕.csv","scene_cp2_q4_s30":"主线剧情-第2章第4节第3幕.csv","scene_cp3_q1_s10":"主线剧情-第3章第1节第1幕.csv","scene_cp3_q1_s20":"主线剧情-第3章第1节第2幕.csv","scene_cp3_q2_s10":"主线剧情-第3章第2节第1幕.csv","scene_cp3_q2_s20":"主线剧情-第3章第2节第2幕.csv","scene_cp3_q3_s10":"主线剧情-第3章第3节第1幕.csv","scene_cp3_q3_s20":"主线剧情-第3章第3节第2幕.csv","scene_cp3_q4_s10":"主线剧情-第3章第4节第1幕.csv","scene_cp3_q4_s20":"主线剧情-第3章第4节第2幕.csv","scene_cp3_q4_s30":"主线剧情-第3章第4节第3幕.csv","scene_cp4_q1_s10":"主线剧情-第4章第1节第1幕.csv","scene_cp4_q1_s20":"主线剧情-第4章第1节第2幕.csv","scene_cp4_q2_s10":"主线剧情-第4章第2节第1幕.csv","scene_cp4_q2_s20":"主线剧情-第4章第2节第2幕.csv","scene_cp4_q3_s10":"主线剧情-第4章第3节第1幕.csv","scene_cp4_q3_s20":"主线剧情-第4章第3节第2幕.csv","scene_cp4_q4_s10":"主线剧情-第4章第4节第1幕.csv","scene_cp4_q4_s20":"主线剧情-第4章第4节第2幕.csv","scene_cp4_q4_s30":"主线剧情-第4章第4节第3幕.csv","scene_cp5_q1_s10":"主线剧情-第5章第1节第1幕.csv","scene_cp5_q1_s20":"主线剧情-第5章第1节第2幕.csv","scene_cp5_q2_s10":"主线剧情-第5章第2节第1幕.csv","scene_cp5_q3_s10":"主线剧情-第5章第3节第1幕.csv","scene_cp5_q3_s20":"主线剧情-第5章第3节第2幕.csv","scene_cp5_q4_s10":"主线剧情-第5章第4节第1幕.csv","scene_cp5_q4_s20":"主线剧情-第5章第4节第2幕.csv","scene_cp5_q4_s30":"主线剧情-第5章第4节第3幕.csv","scene_cp6_q1_s10":"主线剧情-第6章第1节第1幕.csv","scene_cp6_q1_s20":"主线剧情-第6章第1节第2幕.csv","scene_cp6_q2_s10":"主线剧情-第6章第2节第1幕.csv","scene_cp6_q2_s20":"主线剧情-第6章第2节第2幕.csv","scene_cp6_q3_s10":"主线剧情-第6章第3节第1幕.csv","scene_cp6_q3_s20":"主线剧情-第6章第3节第2幕.csv","scene_cp6_q4_s10":"主线剧情-第6章第4节第1幕.csv","scene_cp6_q4_s20":"主线剧情-第6章第4节第2幕.csv","scene_cp6_q4_s30":"主线剧情-第6章第4节第3幕.csv","scene_cp7_q1_s10":"主线剧情-第7章第1节第1幕.csv","scene_cp7_q1_s20":"主线剧情-第7章第1节第2幕.csv","scene_cp7_q2_s10":"主线剧情-第7章第2节第1幕.csv","scene_cp7_q2_s20":"主线剧情-第7章第2节第2幕.csv","scene_cp7_q3_s10":"主线剧情-第7章第3节第1幕.csv","scene_cp7_q3_s20":"主线剧情-第7章第3节第2幕.csv","scene_cp7_q4_s10":"主线剧情-第7章第4节第1幕.csv","scene_cp7_q4_s20":"主线剧情-第7章第4节第2幕.csv","scene_cp7_q4_s30":"主线剧情-第7章第4节第3幕.csv","scene_cp8_q1_s10":"主线剧情-第8章第1节第1幕.csv","scene_cp8_q1_s20":"主线剧情-第8章第1节第2幕.csv","scene_cp8_q2_s10":"主线剧情-第8章第2节第1幕.csv","scene_cp8_q2_s20":"主线剧情-第8章第2节第2幕.csv","scene_cp8_q3_s10":"主线剧情-第8章第3节第1幕.csv","scene_cp8_q3_s20":"主线剧情-第8章第3节第2幕.csv","scene_cp8_q4_s10":"主线剧情-第8章第4节第1幕.csv","scene_cp8_q4_s20":"主线剧情-第8章第4节第2幕.csv","scene_cp8_q4_s30":"主线剧情-第8章第4节第3幕.csv","scene_fate_chr095_ep1":"角色剧情-兰斯洛特-讨伐前夜.csv","scene_chr446_q1_s10":"角色剧情-圣德芬-跨越两千年的思念-幕1.csv","scene_chr446_q2_s10":"角色剧情-圣德芬-跨越两千年的思念-幕2.csv","scene_chr446_q3_s10":"角色剧情-圣德芬-跨越两千年的思念-幕3.csv","scene_chr446_q3_s20":"角色剧情-圣德芬-跨越两千年的思念-幕4.csv"}
