{"3040004000":"光-蕾‧芬耶-SSR.csv","3040005000":"暗-灰夫人-SSR.csv","3040009000":"土-卡里奥斯特罗-SSR.csv","3040011000":"火-玛姬莎-SSR.csv","3040013000":"光-塞鲁艾尔-SSR.csv","3040016000":"暗-刻耳柏洛斯-SSR.csv","3040021000":"风-蕾娜-SSR.csv","3040022000":"土-梅路-SSR.csv","3040023000":"水-兰斯洛特-SSR.csv","3040025000":"土-齐格飞-SSR.csv","3040028000":"火-泽塔-SSR.csv","3040042000":"风-卡门莉娜-SSR.csv","3040045000":"光-阿尔贝尔-SSR.csv","3040046000":"火-克拉丽丝-SSR.csv","3040047000":"风-佩特拉-SSR.csv","3040048000":"暗-萨鲁南-SSR.csv","3040049000":"水-席尔瓦-SSR.csv","3040050000":"火-帕西瓦尔-SSR.csv","3040051000":"光-阿米拉-SSR.csv","3040052000":"火-冈达葛萨-SSR.csv","3040053000":"土-维拉-SSR.csv","3040057000":"暗-斑比-SSR.csv","3040059000":"火-拉卡姆-SSR.csv","3040060000":"火-赫尔艾斯-SSR.csv","3040061000":"风-菲娜-SSR.csv","3040067000":"土-克拉丽丝-SSR.csv","3040070000":"暗-贝阿朵丽丝-SSR.csv","3040073000":"光-菲莉-SSR.csv","3040074000":"土-凯瑟琳-SSR.csv","3040076000":"火-亚欧伊德斯-SSR.csv","3040080000":"暗-贞德-SSR.csv","3040083000":"火-阿丽莎-SSR.csv","3040084000":"土-艾尔-SSR.csv","3040087000":"光-罗莎米亚-SSR.csv","3040088000":"水-英格威-SSR.csv","3040092000":"暗-佐伊-SSR.csv","3040098000":"水-罗密欧-SSR.csv","3040102000":"风-梅利莎贝尔-SSR.csv","3040106000":"光-路西欧-SSR.csv","3040108000":"暗-马尔基雷斯-SSR.csv","3040109000":"土-拉丝缇娜-SSR.csv","3040110000":"火-贝阿朵丽丝-SSR.csv","3040112000":"暗-泽塔-SSR.csv","3040113000":"土-蕾‧芬耶-SSR.csv","3040115000":"火-斯特姆-SSR.csv","3040116000":"水-卡塔哔娜与维拉-SSR.csv","3040117000":"水-维恩-SSR.csv","3040121000":"光-克拉丽丝-SSR.csv","3040124000":"光-鲍特欧达-SSR.csv","3040125000":"土-尤格多拉希尔-SSR.csv","3040132000":"水-安-SSR.csv","3040137000":"暗-阿萨谢尔-SSR.csv","3040140000":"风-兰斯洛特-SSR.csv","3040146000":"土-巴萨拉卡-SSR.csv","3040147000":"水-瓦姬拉-SSR.csv","3040149000":"火-特蕾丝-SSR.csv","3040150000":"光-佐伊（铳）-SSR.csv","3040152000":"风-提亚玛特-SSR.csv","3040153000":"光-圣德芬-SSR.csv","3040154000":"风-贞德-SSR.csv","3040155000":"光-萝伯美-SSR.csv","3040156000":"暗-士郎-SSR.csv","3040176000":"土-萝赛塔-SSR.csv","3040177000":"火-伊尔莎-SSR.csv"}
