id,en,jp,trans
0-chapter_name,,守るべきもの,要守护之物
0-synopsis,,グレアとアンが襲い掛かる魔物の群れを退けていたところに、姬塔一行が駆けつける。一行は、町全体に魔物がいる状況を踏まえ、散らばって町の防衛に当たることにする。そんな中、アンが逃げ遅れた町の人をかばって負傷してしまう。グレアは、町の人とアンを護るべく、竜の力を解放する。グレアの強い意志もあり、竜の力の暴走は起きず、グレアは魔物の掃討を開始する。,在袭击古蕾雅跟安的魔物群被击退了以后，姬塔一行人赶到了。一行人根据整个城镇都有怪物在的情况，决定分散开来保护城镇。这个时候，安为了庇护来不及逃走的居民而负伤了。 古蕾雅为了保护居民跟安，解放了龙之力。古蕾雅用强烈的意志控制住了龙之力不让其暴走，开始讨伐起魔物。
1,,<span class='scene-font-katari'>襲い掛かる魔物の群れを</span><br><span class='scene-font-katari'>グレアとアンが退けていると、</span><br><span class='scene-font-katari'>姬塔一行が駆けつけてきた。</span>,在袭击古蕾雅跟安的魔物群被击退了以后，姬塔一行人赶到了。
3,,グレアさん、アンさん！<br>大丈夫！？,古蕾雅，安！<br>你们没事吧！？
4,,私達は無事だよ。<br>今、町はどんな状況なの？,我们没事。<br>现在城镇的情况如何？
5,,さっき、様子を見に行った直後……<br>大量の魔物が一気に押し寄せてきたの。,刚才，就在我们去看情况了之后……<br>突然有大量的魔物一下子冲了过来。
6,,警備の奴らと一緒に<br>魔物が町に入らねぇように<br>戦ってたんだけどもよ……,警卫的大家都在为了让魔物不进入城镇而奋战着，但是……
7,,数があまりに多くて、<br>対応しきれなかったんだ……,数量实在太多了，没有办法应付过来……
8,,それにこの町を囲むようにして<br>襲ってきてるみたいなんです……,然后他们的袭击就像是为了要把整个城镇包围起来一样……
9,,そ、それじゃあ……<br>ここだけじゃなくて町全体に<br>魔物がいるってこと……！？,那，那就是说……不止这里，连全镇都有魔物吗！
10,,そうなるわ……それで今から<br>姬塔と一緒に散らばって<br>町を防衛しようと思うの。,没错呢……我觉得现在，应该跟姬塔一起分散开来保护整个城镇。
11,,それがいいと思う。<br>ここは私達に任せて！,我觉得这主意挺好的。<br>这里就交给我们吧！
12,,おう！<br>無理すんじゃねぇぞ！,好！<br>不要勉强自己哦！
13,,<span class='scene-font-katari'>一行はその場を２人に任せ、</span><br><span class='scene-font-katari'>町の防衛のため、駆けていく。</span>,一行人把这个地方交给两人，<br><span class='scene-font-katari'>为了保护城镇而出发了。</span>
14,,さて、と……,那，么……
17,,グルルル……,咕噜噜噜……
28,,英霊よ！<br>破邪の光を持ちて、<br>悪しきを照らせ！,英灵哟！<br>以汝破邪之光，烧尽邪恶吧！！
41,,ッ……,唔……
47,,グルルル……！！,咕噜噜噜……！！
48,,まだまだいるみたいだね。<br>でも！,看起来还有很多呢。<br>但是！
49,,私達の敵じゃない！<br>町はこれ以上荒らさせないよ！,完全不是我们的对手！<br>不会再让你们在这镇里肆虐了！
50,,<span class='scene-font-4'>きゃああっ！！</span>,<span class='scene-font-4'>呀啊啊！！</span>
51,,っ！？　町の人！？<br><span class='scene-font-4'>あぶないっ！！</span>,诶！？镇上的人！？<br><span class='scene-font-4'>危险！！</span>
59,,グルアッ！！,咕呀！！
60,,きゃっ……,咿呀……
62,,<span class='scene-font-katari'>アンは逃げ遅れた人を庇うが、</span><br><span class='scene-font-katari'>その隙を魔物に突かれてしまう。</span>,<span class='scene-font-katari'>安在庇护没来得及逃跑的人之时，被魔物趁机偷袭了。</span>
63,,ッ！？<br><span class='scene-font-4'>アンッ！？</span>,唔！？<span class='scene-font-4'>安！？</span>
64,,くっ……！！,咕……！！
69,,ッ……,唔……
73,,はやく、逃げて……！,快点，逃......！
74,,ご、ごめんなさい！！<br>ありがとうございます……！！,对不起，对不起！！<br>多谢你……！！
75,,<span class='scene-font-katari'>逃げていく町人と入れ替わるように、</span><br><span class='scene-font-katari'>倒れたアンのもとに</span><br><span class='scene-font-katari'>グレアが駆けつける。</span>,像是要接替逃走的镇民们一样，古蕾雅赶到倒下的安身边。
77,,アン！　大丈夫！？,安！还好吗！？
78,,だ、大丈夫……<br>かすり傷だから……,没，没事的……<br>只是擦伤而已……
79,,それよりも魔物がまだ……,比起这个，魔物还没……
80,,…………,…………
81,,……ぐ、グレア……？,……古，古蕾雅……？
82,,<span class='scene-font-katari'>グレアは壊されていく町を、</span><br><span class='scene-font-katari'>逃げる人々を、そして</span><br><span class='scene-font-katari'>傷ついたアンを見つめた。</span>,<span class='scene-font-katari'>古蕾雅依次看向毁坏的城镇，</span><br><span class='scene-font-katari'>纷纷逃跑的人们，再是<br><span class='scene-font-katari'>受伤的安。</span>
83,,護らなきゃ……私が……<br>力を使って……！！,定要保护……我要……<br>使用力量……！！
84,,だ、ダメだよ……！！<br>グレア……！,，不行啊……！<br>古蕾雅……！
85,,<span class='scene-font-katari'>不安そうに告げるアン。</span><br><span class='scene-font-katari'>だが、グレアは優しく、</span><br><span class='scene-font-katari'>穏やかな様子で微笑んだ。</span>,<span class='scene-font-katari'>安不安地劝阻着。</span><br><span class='scene-font-katari'>然而，古蕾雅温柔地，</span><br><span class='scene-font-katari'>平静地微笑着。</span>
86,,大丈夫だよ、アン……<br>絶対に……暴走しない。,没问题的，安……<br>绝对……不会暴走的。
87,,ちゃんと、全部護るから。<br>大切な思い出も、アンも……<br>みんなが大切にしてくれる私のことも！,我要，把一切全部妥善保护。<br>重要的回忆也好，安也好……<br>被大家重视着的我也好！
89,,全部、全部！<br>私が護ってみせる！！,全部！全部！<br>就由我来保护！
93,,<span class='scene-font-4'>はあぁぁぁぁっ！！</span>,<span class='scene-font-4'>哈啊啊啊啊啊！！</span>
97,,グルオオッ！？,咕噢噢！？
108,,<span class='scene-font-katari'>咆哮と共に力を解放したグレアは、</span><br><span class='scene-font-katari'>瞬く間に周囲の魔物を消滅させる。</span>,<span class='scene-font-katari'>咆哮着把力量解放出来的古蕾雅，</span><br><span class='scene-font-katari'>一瞬间就把四周的魔物一扫而空。</span>
109,,暴走、してない……<br>力のコントロールが成功したんだ……！,没有，暴走…<br>…控制力量的努力成功了……！
110,,全部、終わらせる……！<br>私が、この手で……！,全部，解决掉……！<br>就用我的，这只手……！
115,,<span class='scene-font-katari'>グレアはそう力強く言うと、</span><br><span class='scene-font-katari'>町の魔物の掃討を始める。</span>,<span class='scene-font-katari'>古蕾雅用力喊道，</span><br><span class='scene-font-katari'>开始讨伐镇里的魔物。</span>
info,,1,scene_chr399_q3_s10
,,,