id,trans
0-chapter_name,第2章  操舵士的决意
0-synopsis,由于魔兽大量袭来，<span>姬塔</span>一行难以顺利前行。深感城外的危险，众人下定决心一定要阻止帝国。
0,可恶……就算城镇近在眼前，魔兽这么多，根本靠近不了。
1,有记录显示魔兽会因瘴流域而变得狂暴……
2,但是近年来魔兽数量急剧增长，帝国也没有锁定原因。
3,城外已经，算是危险地带了吗……
4,我们在榭洛小姐的店里发愁时，这里的人都亲切地帮助了我们……
5,没错……我们要报恩才行。姬塔，绝对要阻止帝国。这就是我们的回报。
info,scene_cp2_q2_s20
备注,ver-1: @nga 模糊君 uid-42788445 2018/4/2