id,trans
0-chapter_name,第1章  与风邂逅
0-synopsis,虽然明白骑士应该怎样表现，卡塔莉娜还是无法压抑自己的正义感。<span>姬塔</span>一行也因此下定决心要告知人们危机临近。
0," ——实在抱歉。"
1,好了，卡塔莉娜。对他们感到愤怒的也不止你一个人。
2,倒不如说，卡塔莉娜一发怒，我们也觉得大快人心……是吧？姬塔。
3,看到那种过分的家伙，一不小心就头脑发热了……
4,虽然我一直认为，骑士必须时刻保持冷静……
5,不过，这下咱们知道了不得了的事情啊……
6,是啊……一定要告诉城里的人们，帝国要攻过来了！
7,是啊！首先得解决掉追来的帝国士兵！
info,scene_cp1_q3_s20
备注,ver-1: @nga 模糊君 uid-42788445 2018/4/1