id,trans
0-chapter_name,第2章  操舵士的决意
0-synopsis,<span>姬塔</span>等人放出拉卡姆和居民都要救的大话，但却跟丢了拉卡姆，还被斯特姆钻了空子。此时，一颗子弹飞来。
0,啊、糟了……找不到拉卡姆了！！
1,别担心……那家伙在我们的精锐兵手中好好的，比起这个……
2,<span class='scene-font-5'>呀！？</span>
3,露丽亚！？
4,大意了吧……先从这小鬼开始！ ！
11,你说精锐兵……什么来着？
13,拉卡姆！你，什么时候！？
14,哈……要是漂亮姐姐就算了，邋遢的士兵可管不住我！
15,小妹妹，没受伤吧？
16,没、没有……谢谢你！
18,切……多一个人又如何……和帝国作对还想赢吗！
19,喂，姬塔！紧要关头，可要拿出干劲来啊！ ！
info,scene_cp2_q3_s20
备注,ver-1: @nga 模糊君 uid-42788445 2018/4/2