id,trans
0-chapter_name,第1章  与风邂逅
0-synopsis,一行人被埃尔斯特帝国士兵逼入绝境，命悬一线，此时那位向<span>姬塔</span>他们提建议的神秘男子伸出了援手。
0,怎么办……无处可逃了！
1,这就是所谓的万事休矣么……
3,喂，你们！走这边！
4,你是！？
5,这边有我的藏身之地！我带你们去，赶紧跟上！
8,听见了吗！姬塔！咱们跟他走吧！
10,<span class='scene-font-4'>你们以为逃得了吗！</span>！
info,scene_cp1_q4_s20
备注,ver-1: @nga 模糊君 uid-42788445 2018/4/1