id,trans
0-chapter_name,第2章  操舵士的决意
0-synopsis,多亏了完全进入状态的拉卡姆，<span>姬塔</span>一行渐渐扭转了以少敌多压倒性不利的战况。
0,好了……这下帝国士兵也少了很多！
1,拉卡姆那家伙，还挺厉害的嘛！
2,是啊，看来我也得拿出真本事了！
3,呵呵……大家都很有干劲呢！
4,马上就到通往城里的入口了！姬塔！一口气冲过去！
info,scene_cp2_q4_s20
备注,ver-1: @nga 模糊君 uid-42788445 2018/4/2