id,trans
0-chapter_name,第2章  操舵士的决意
0-synopsis,被逼入绝境的<span>姬塔</span>一行，在拉卡姆的帮助下摆脱了困境。<span>姬塔</span>等人与下定决心的拉卡姆一起，对抗德朗克与斯特姆率领的帝国兵。
1,拉卡姆！你没事真是太好了！
2,真是的……不是说城里的人和我都要救的吗，倒是来救我啊。
3,唔……真是抱歉。
4,不过，你没事真的太好了！对吧！ 姬塔！ ！
5,不过我有些意外……还以为你要是顺利脱身，肯定会丢下我们逃走……
6,不信任我啊……不过，我也的确想过直接逃跑。
7,不过……你也说过吧？能够守护的家伙就在眼前，不可能丢下不管。
8,我看到小妹妹很危险，情不自禁地就过来了。
9,呵呵，这样啊……无论如何，你救了我们。我再次向你道谢。
10,笨……别这样！ 很不好意思的！道谢什么的，等一切都过去再说吧！
11,也是！马上就能到城里了！再努力一把！
info,scene_cp2_q4_s10
备注,ver-1: @nga 模糊君 uid-42788445 2018/4/2