id,en,jp,trans
0-chapter_name,,第56章　黒騎の再来,第56章  黑骑士再临
0-synopsis,,帝国は徐々に姬塔一行を囲む包囲網を狭めていく。それに対し一行は、正面突破で包囲網に挑む。,帝国正在渐渐缩小对姬塔等人的包围圈。而姬塔等人决定正面突破。
1,,いたぞ！　こっちだ！<br>通路を塞げ！<br>追い詰めるぞ！,他们在这里！封锁道路！把他们包围！
2,,くそぅ……！<br>どっから湧いてくんだ、ってくらい、<br>どんどん出てきやがるぜ……,可恶……！这些人到底从哪儿冒出来的……
3,,どんな完璧な包囲網を敷こうが、<br>オレ達にゃあ関係ねぇさ……,随他们怎么包围，都和我们没关系……
4,,穴がねぇなら作るまで、ってな！<br>正面突破だ！　蹴散らしてくぞ！,没有漏洞就闯一个出来！正面突破！把他们一扫而光！
info,,1,scene_cp56_q1_s20