id,name,detail
npc,萨鲁南,3040048000
special,矛盾的渴望,暗属性伤害(特大)/自身HP越少，攻击强化量越大
skill-1,月魇,<div class=prt-text-small>对敌方单体造成暗属性伤害/我方全体获得再生效果/按技能「禁咒」的使用次数，对自身造成累积伤害</div>
skill-2,Unia,消除我方全体所有强化/削弱效果以及敌方强化效果
skill-3,禁咒,「月魇」的效果UP(累积)
support-1,依存,我方全体攻击UP
skill-lb,LB技能,因削弱效果无法战斗时，以1HP继续战斗
active,1,