id,name,detail
npc,贝阿朵丽丝,3040070000
special,不死强袭,<span class=prt-text-small>暗属性伤害(特大)/自身技能使用间隔缩短1回合/自身HP越少，攻击强化量越大</span>
skill-1,艾伯拉斯克之剑,延长4回合当前「代尔塔时钟」的效果
skill-2,统一化,停止指针3回合
skill-3,微风,在当前回合中强制转动指针
support-1,艾伯拉斯克的契约者,<div class=prt-text-small>三连击时，所有「代尔塔时钟」的强化效果延长2回合/自身HP越少，回避率UP</div>
support-2,代尔塔时钟,指针指向不同，赋予自身的效果不同
skill-lb,LB技能,有极低概率回避敌方所有攻击
active,1,